album_art,uri,artist_names,track_name,source,peak_rank,previous_rank,days_on_chart,streams,2022-01-01,2022-01-02,2022-01-03,2022-01-04,2022-01-05,2022-01-06,2022-01-07,2022-01-08,2022-01-09,2022-01-10,2022-01-11,2022-01-12,2022-01-13,2022-01-14,2022-01-15,2022-01-16,2022-01-17,2022-01-18,2022-01-19,2022-01-20,2022-01-21,2022-01-22,2022-01-23,2022-01-24,2022-01-25,2022-01-26,2022-01-27,2022-01-28,2022-01-29,2022-01-30,2022-01-31,2022-02-01,2022-02-02,2022-02-03,2022-02-04,2022-02-05,2022-02-06,2022-02-07,2022-02-08,2022-02-09,2022-02-10,2022-02-11,2022-02-12,2022-02-13,2022-02-14,2022-02-15,2022-02-16,2022-02-17,2022-02-18,2022-02-19,2022-02-20,2022-02-21,2022-02-22,2022-02-23,2022-02-24,2022-02-25,2022-02-26,2022-02-27,2022-02-28,2022-03-01,2022-03-02,2022-03-03,2022-03-04,2022-03-05,2022-03-06,2022-03-07,2022-03-08,2022-03-09,2022-03-10,2022-03-11,2022-03-12,2022-03-13,2022-03-14,2022-03-15,2022-03-16,2022-03-17,2022-03-18,2022-03-19,2022-03-20,2022-03-21,2022-03-22,2022-03-23,2022-03-24,2022-03-25,2022-03-26,2022-03-27,2022-03-28,2022-03-29,2022-03-30,2022-03-31,2022-04-01,2022-04-02,2022-04-03,2022-04-04,2022-04-05,2022-04-06,2022-04-07,2022-04-08,2022-04-09,2022-04-10,2022-04-11,2022-04-12,2022-04-13,2022-04-14,2022-04-15,2022-04-16,2022-04-17,2022-04-18,2022-04-19,2022-04-20,2022-04-21,2022-04-22,2022-04-23,2022-04-24,2022-04-25,2022-04-26,2022-04-27,2022-04-28,2022-04-29
https://i.scdn.co/image/ab67616d000048514df3245f26298a1579ecc321,spotify:track:3DarAbFujv6eYNliUTyqtz,"Doja Cat, SZA",Kiss Me More (feat. SZA),Kemosabe Records/RCA Records,1.0,10.0,268.0,735971.0,735971.0,0.0,0.0,0.0,0.0,0.0,0.0,0.0,0.0,0.0,0.0,0.0,0.0,0.0,0.0,0.0,0.0,0.0,0.0,0.0,0.0,0.0,0.0,0.0,0.0,0.0,0.0,0.0,0.0,0.0,0.0,0.0,0.0,0.0,0.0,0.0,0.0,0.0,0.0,0.0,0.0,0.0,0.0,0.0,0.0,0.0,0.0,0.0,0.0,0.0,0.0,0.0,0.0,0.0,0.0,0.0,0.0,0.0,0.0,0.0,0.0,0.0,0.0,0.0,0.0,0.0,0.0,0.0,0.0,0.0,0.0,0.0,0.0,0.0,0.0,0.0,0.0,0.0,0.0,0.0,0.0,0.0,0.0,0.0,0.0,0.0,0.0,0.0,0.0,0.0,0.0,0.0,0.0,0.0,0.0,0.0,0.0,0.0,0.0,0.0,0.0,0.0,0.0,0.0,0.0,0.0,0.0,0.0,0.0,0.0,0.0,0.0,0.0,0.0,0.0,0.0,0.0,0.0,0.0
https://i.scdn.co/image/ab67616d00004851523458c391fe8180a19a1069,spotify:track:7rglLriMNBPAyuJOMGwi39,"Elton John, Dua Lipa, PNAU",Cold Heart - PNAU Remix,EMI,9.0,13.0,133.0,683288.0,683288.0,0.0,0.0,0.0,0.0,0.0,0.0,0.0,0.0,0.0,0.0,0.0,0.0,0.0,0.0,0.0,0.0,0.0,0.0,0.0,0.0,0.0,0.0,0.0,0.0,0.0,0.0,0.0,0.0,0.0,0.0,0.0,0.0,0.0,0.0,0.0,0.0,0.0,0.0,0.0,0.0,0.0,0.0,0.0,0.0,0.0,0.0,0.0,0.0,0.0,0.0,0.0,0.0,0.0,0.0,0.0,0.0,0.0,0.0,0.0,0.0,0.0,0.0,0.0,0.0,0.0,0.0,0.0,0.0,0.0,0.0,0.0,0.0,0.0,0.0,0.0,0.0,0.0,0.0,0.0,0.0,0.0,0.0,0.0,0.0,0.0,0.0,0.0,0.0,0.0,0.0,0.0,0.0,0.0,0.0,0.0,0.0,0.0,0.0,0.0,0.0,0.0,0.0,0.0,0.0,0.0,0.0,0.0,0.0,0.0,0.0,0.0,0.0,0.0,0.0,0.0,0.0,0.0,0.0
https://i.scdn.co/image/ab67616d000048514df3245f26298a1579ecc321,spotify:track:3Vi5XqYrmQgOYBajMWSvCi,Doja Cat,Need to Know,Kemosabe Records/RCA Records,3.0,10.0,208.0,597078.0,0.0,0.0,583341.0,597078.0,0.0,0.0,0.0,0.0,0.0,0.0,0.0,0.0,0.0,0.0,0.0,0.0,0.0,0.0,0.0,0.0,0.0,0.0,0.0,0.0,0.0,0.0,0.0,0.0,0.0,0.0,0.0,0.0,0.0,0.0,0.0,0.0,0.0,0.0,0.0,0.0,0.0,0.0,0.0,0.0,0.0,0.0,0.0,0.0,0.0,0.0,0.0,0.0,0.0,0.0,0.0,0.0,0.0,0.0,0.0,0.0,0.0,0.0,0.0,0.0,0.0,0.0,0.0,0.0,0.0,0.0,0.0,0.0,0.0,0.0,0.0,0.0,0.0,0.0,0.0,0.0,0.0,0.0,0.0,0.0,0.0,0.0,0.0,0.0,0.0,0.0,0.0,0.0,0.0,0.0,0.0,0.0,0.0,0.0,0.0,0.0,0.0,0.0,0.0,0.0,0.0,0.0,0.0,0.0,0.0,0.0,0.0,0.0,0.0,0.0,0.0,0.0,0.0,0.0,0.0
https://i.scdn.co/image/ab67616d000048515da9fa8f83aebf5cbe7db12a,spotify:track:3jQvH2VoTRe5CEnIS0MnCE,The Weeknd,Dawn FM,Universal Republic Records,3.0,-1.0,1.0,1749943.0,0.0,0.0,0.0,0.0,0.0,0.0,1749943.0,0.0,0.0,0.0,0.0,0.0,0.0,0.0,0.0,0.0,0.0,0.0,0.0,0.0,0.0,0.0,0.0,0.0,0.0,0.0,0.0,0.0,0.0,0.0,0.0,0.0,0.0,0.0,0.0,0.0,0.0,0.0,0.0,0.0,0.0,0.0,0.0,0.0,0.0,0.0,0.0,0.0,0.0,0.0,0.0,0.0,0.0,0.0,0.0,0.0,0.0,0.0,0.0,0.0,0.0,0.0,0.0,0.0,0.0,0.0,0.0,0.0,0.0,0.0,0.0,0.0,0.0,0.0,0.0,0.0,0.0,0.0,0.0,0.0,0.0,0.0,0.0,0.0,0.0,0.0,0.0,0.0,0.0,0.0,0.0,0.0,0.0,0.0,0.0,0.0,0.0,0.0,0.0,0.0,0.0,0.0,0.0,0.0,0.0,0.0,0.0,0.0,0.0,0.0,0.0,0.0,0.0,0.0,0.0,0.0,0.0,0.0,0.0
https://i.scdn.co/image/ab67616d000048515da9fa8f83aebf5cbe7db12a,spotify:track:0XvDZGVqGYM7P4rgzRnWhq,The Weeknd,Take My Breath,Universal Republic Records,8.0,-1.0,1.0,1432438.0,0.0,0.0,0.0,0.0,0.0,0.0,1432438.0,0.0,0.0,0.0,0.0,0.0,0.0,0.0,0.0,0.0,0.0,0.0,0.0,0.0,0.0,0.0,0.0,0.0,0.0,0.0,0.0,0.0,0.0,0.0,0.0,0.0,0.0,0.0,0.0,0.0,0.0,0.0,0.0,0.0,0.0,0.0,0.0,0.0,0.0,0.0,0.0,0.0,0.0,0.0,0.0,0.0,0.0,0.0,0.0,0.0,0.0,0.0,0.0,0.0,0.0,0.0,0.0,0.0,0.0,0.0,0.0,0.0,0.0,0.0,0.0,0.0,0.0,0.0,0.0,0.0,0.0,0.0,0.0,0.0,0.0,0.0,0.0,0.0,0.0,0.0,0.0,0.0,0.0,0.0,0.0,0.0,0.0,0.0,0.0,0.0,0.0,0.0,0.0,0.0,0.0,0.0,0.0,0.0,0.0,0.0,0.0,0.0,0.0,0.0,0.0,0.0,0.0,0.0,0.0,0.0,0.0,0.0,0.0
https://i.scdn.co/image/ab67616d000048514ab2520c2c77a1d66b9ee21d,spotify:track:2vgUijXOTRMnWXDtvgMp2b,The Weeknd,Take My Breath,XO / Republic Records,7.0,8.0,2.0,1022048.0,0.0,0.0,0.0,0.0,0.0,0.0,0.0,1022048.0,0.0,0.0,0.0,0.0,0.0,0.0,0.0,0.0,0.0,0.0,0.0,0.0,0.0,0.0,0.0,0.0,0.0,0.0,0.0,0.0,0.0,0.0,0.0,0.0,0.0,0.0,0.0,0.0,0.0,0.0,0.0,0.0,0.0,0.0,0.0,0.0,0.0,0.0,0.0,0.0,0.0,0.0,0.0,0.0,0.0,0.0,0.0,0.0,0.0,0.0,0.0,0.0,0.0,0.0,0.0,0.0,0.0,0.0,0.0,0.0,0.0,0.0,0.0,0.0,0.0,0.0,0.0,0.0,0.0,0.0,0.0,0.0,0.0,0.0,0.0,0.0,0.0,0.0,0.0,0.0,0.0,0.0,0.0,0.0,0.0,0.0,0.0,0.0,0.0,0.0,0.0,0.0,0.0,0.0,0.0,0.0,0.0,0.0,0.0,0.0,0.0,0.0,0.0,0.0,0.0,0.0,0.0,0.0,0.0,0.0,0.0
https://i.scdn.co/image/ab67616d000048514ab2520c2c77a1d66b9ee21d,spotify:track:1NhjYYcYTRywc0di98xHxf,"The Weeknd, Tyler, The Creator","Here We Go… Again (feat. Tyler, the Creator)",XO / Republic Records,7.0,7.0,2.0,1013456.0,0.0,0.0,0.0,0.0,0.0,0.0,1468467.0,1013456.0,0.0,0.0,0.0,0.0,0.0,0.0,0.0,0.0,0.0,0.0,0.0,0.0,0.0,0.0,0.0,0.0,0.0,0.0,0.0,0.0,0.0,0.0,0.0,0.0,0.0,0.0,0.0,0.0,0.0,0.0,0.0,0.0,0.0,0.0,0.0,0.0,0.0,0.0,0.0,0.0,0.0,0.0,0.0,0.0,0.0,0.0,0.0,0.0,0.0,0.0,0.0,0.0,0.0,0.0,0.0,0.0,0.0,0.0,0.0,0.0,0.0,0.0,0.0,0.0,0.0,0.0,0.0,0.0,0.0,0.0,0.0,0.0,0.0,0.0,0.0,0.0,0.0,0.0,0.0,0.0,0.0,0.0,0.0,0.0,0.0,0.0,0.0,0.0,0.0,0.0,0.0,0.0,0.0,0.0,0.0,0.0,0.0,0.0,0.0,0.0,0.0,0.0,0.0,0.0,0.0,0.0,0.0,0.0,0.0,0.0,0.0
https://i.scdn.co/image/ab67616d000048514ab2520c2c77a1d66b9ee21d,spotify:track:1E5Xu8dur0fAjSP1VpVhAZ,The Weeknd,Best Friends,XO / Republic Records,9.0,9.0,2.0,945770.0,0.0,0.0,0.0,0.0,0.0,0.0,1336838.0,945770.0,0.0,0.0,0.0,0.0,0.0,0.0,0.0,0.0,0.0,0.0,0.0,0.0,0.0,0.0,0.0,0.0,0.0,0.0,0.0,0.0,0.0,0.0,0.0,0.0,0.0,0.0,0.0,0.0,0.0,0.0,0.0,0.0,0.0,0.0,0.0,0.0,0.0,0.0,0.0,0.0,0.0,0.0,0.0,0.0,0.0,0.0,0.0,0.0,0.0,0.0,0.0,0.0,0.0,0.0,0.0,0.0,0.0,0.0,0.0,0.0,0.0,0.0,0.0,0.0,0.0,0.0,0.0,0.0,0.0,0.0,0.0,0.0,0.0,0.0,0.0,0.0,0.0,0.0,0.0,0.0,0.0,0.0,0.0,0.0,0.0,0.0,0.0,0.0,0.0,0.0,0.0,0.0,0.0,0.0,0.0,0.0,0.0,0.0,0.0,0.0,0.0,0.0,0.0,0.0,0.0,0.0,0.0,0.0,0.0,0.0,0.0
https://i.scdn.co/image/ab67616d000048514ab2520c2c77a1d66b9ee21d,spotify:track:3KyKxJ4P3pVCgaZwaq2rUC,The Weeknd,Gasoline,XO / Republic Records,2.0,5.0,4.0,867461.0,0.0,0.0,0.0,0.0,0.0,0.0,1841998.0,1210804.0,862631.0,867461.0,0.0,0.0,0.0,0.0,0.0,0.0,0.0,0.0,0.0,0.0,0.0,0.0,0.0,0.0,0.0,0.0,0.0,0.0,0.0,0.0,0.0,0.0,0.0,0.0,0.0,0.0,0.0,0.0,0.0,0.0,0.0,0.0,0.0,0.0,0.0,0.0,0.0,0.0,0.0,0.0,0.0,0.0,0.0,0.0,0.0,0.0,0.0,0.0,0.0,0.0,0.0,0.0,0.0,0.0,0.0,0.0,0.0,0.0,0.0,0.0,0.0,0.0,0.0,0.0,0.0,0.0,0.0,0.0,0.0,0.0,0.0,0.0,0.0,0.0,0.0,0.0,0.0,0.0,0.0,0.0,0.0,0.0,0.0,0.0,0.0,0.0,0.0,0.0,0.0,0.0,0.0,0.0,0.0,0.0,0.0,0.0,0.0,0.0,0.0,0.0,0.0,0.0,0.0,0.0,0.0,0.0,0.0,0.0,0.0
https://i.scdn.co/image/ab67616d000048514ab2520c2c77a1d66b9ee21d,spotify:track:2Ghp894n1laIf2w98VeAOJ,The Weeknd,How Do I Make You Love Me?,XO / Republic Records,4.0,8.0,4.0,803624.0,0.0,0.0,0.0,0.0,0.0,0.0,1735277.0,1152128.0,801396.0,803624.0,0.0,0.0,0.0,0.0,0.0,0.0,0.0,0.0,0.0,0.0,0.0,0.0,0.0,0.0,0.0,0.0,0.0,0.0,0.0,0.0,0.0,0.0,0.0,0.0,0.0,0.0,0.0,0.0,0.0,0.0,0.0,0.0,0.0,0.0,0.0,0.0,0.0,0.0,0.0,0.0,0.0,0.0,0.0,0.0,0.0,0.0,0.0,0.0,0.0,0.0,0.0,0.0,0.0,0.0,0.0,0.0,0.0,0.0,0.0,0.0,0.0,0.0,0.0,0.0,0.0,0.0,0.0,0.0,0.0,0.0,0.0,0.0,0.0,0.0,0.0,0.0,0.0,0.0,0.0,0.0,0.0,0.0,0.0,0.0,0.0,0.0,0.0,0.0,0.0,0.0,0.0,0.0,0.0,0.0,0.0,0.0,0.0,0.0,0.0,0.0,0.0,0.0,0.0,0.0,0.0,0.0,0.0,0.0,0.0
https://i.scdn.co/image/ab67616d000048514ab2520c2c77a1d66b9ee21d,spotify:track:2SLwbpExuoBDZBpjfefCtV,The Weeknd,Out of Time,XO / Republic Records,4.0,6.0,6.0,743178.0,0.0,0.0,0.0,0.0,0.0,0.0,1529269.0,1151991.0,865750.0,910295.0,817900.0,743178.0,0.0,0.0,0.0,0.0,0.0,0.0,0.0,0.0,0.0,0.0,0.0,0.0,0.0,0.0,0.0,0.0,0.0,0.0,0.0,0.0,0.0,0.0,0.0,0.0,0.0,0.0,0.0,0.0,0.0,0.0,0.0,0.0,0.0,0.0,0.0,0.0,0.0,0.0,0.0,0.0,0.0,0.0,0.0,0.0,0.0,0.0,0.0,0.0,0.0,0.0,0.0,0.0,0.0,0.0,0.0,0.0,0.0,0.0,0.0,0.0,0.0,0.0,0.0,0.0,0.0,0.0,0.0,0.0,0.0,0.0,0.0,0.0,0.0,0.0,0.0,0.0,0.0,0.0,0.0,0.0,0.0,0.0,0.0,0.0,0.0,0.0,0.0,0.0,0.0,0.0,0.0,0.0,0.0,0.0,0.0,0.0,0.0,0.0,0.0,0.0,0.0,0.0,0.0,0.0,0.0,0.0,0.0
https://i.scdn.co/image/ab67616d000048514ab2520c2c77a1d66b9ee21d,spotify:track:0mL82sxCRjrs3br407IdJh,The Weeknd,Is There Someone Else?,XO / Republic Records,3.0,11.0,7.0,702804.0,0.0,0.0,0.0,0.0,0.0,0.0,1511028.0,1174180.0,871931.0,905670.0,799606.0,0.0,702804.0,0.0,0.0,0.0,0.0,0.0,0.0,0.0,0.0,0.0,0.0,0.0,0.0,0.0,0.0,0.0,0.0,0.0,0.0,0.0,0.0,0.0,0.0,0.0,0.0,0.0,0.0,0.0,0.0,0.0,0.0,0.0,0.0,0.0,0.0,0.0,0.0,0.0,0.0,0.0,0.0,0.0,0.0,0.0,0.0,0.0,0.0,0.0,0.0,0.0,0.0,0.0,0.0,0.0,0.0,0.0,0.0,0.0,0.0,0.0,0.0,0.0,0.0,0.0,0.0,0.0,0.0,0.0,0.0,0.0,0.0,0.0,0.0,0.0,0.0,0.0,0.0,0.0,0.0,0.0,0.0,0.0,0.0,0.0,0.0,0.0,0.0,0.0,0.0,0.0,0.0,0.0,0.0,0.0,0.0,0.0,0.0,0.0,0.0,0.0,0.0,0.0,0.0,0.0,0.0,0.0,0.0
https://i.scdn.co/image/ab67616d0000485114d91ebdd6d7e2931322cc1a,spotify:track:0lEjxUUlKqjqXrVlIHFduD,"Gunna, Drake",P power (feat. Drake),300 Entertainment,10.0,-1.0,1.0,754419.0,0.0,0.0,0.0,0.0,0.0,0.0,0.0,0.0,0.0,0.0,0.0,0.0,0.0,754419.0,0.0,0.0,0.0,0.0,0.0,0.0,0.0,0.0,0.0,0.0,0.0,0.0,0.0,0.0,0.0,0.0,0.0,0.0,0.0,0.0,0.0,0.0,0.0,0.0,0.0,0.0,0.0,0.0,0.0,0.0,0.0,0.0,0.0,0.0,0.0,0.0,0.0,0.0,0.0,0.0,0.0,0.0,0.0,0.0,0.0,0.0,0.0,0.0,0.0,0.0,0.0,0.0,0.0,0.0,0.0,0.0,0.0,0.0,0.0,0.0,0.0,0.0,0.0,0.0,0.0,0.0,0.0,0.0,0.0,0.0,0.0,0.0,0.0,0.0,0.0,0.0,0.0,0.0,0.0,0.0,0.0,0.0,0.0,0.0,0.0,0.0,0.0,0.0,0.0,0.0,0.0,0.0,0.0,0.0,0.0,0.0,0.0,0.0,0.0,0.0,0.0,0.0,0.0,0.0,0.0
https://i.scdn.co/image/ab67616d000048514ab2520c2c77a1d66b9ee21d,spotify:track:1nH2PkJL1XoUq8oE6tBZoU,The Weeknd,Sacrifice,XO / Republic Records,1.0,10.0,12.0,661622.0,0.0,0.0,0.0,0.0,0.0,0.0,1950078.0,1512608.0,1133571.0,1175794.0,1058173.0,989104.0,924216.0,946873.0,784905.0,627481.0,623147.0,661622.0,0.0,0.0,0.0,0.0,0.0,0.0,0.0,0.0,0.0,0.0,0.0,0.0,0.0,0.0,0.0,0.0,0.0,0.0,0.0,0.0,0.0,0.0,0.0,0.0,0.0,0.0,0.0,0.0,0.0,0.0,0.0,0.0,0.0,0.0,0.0,0.0,0.0,0.0,0.0,0.0,0.0,0.0,0.0,0.0,0.0,0.0,0.0,0.0,0.0,0.0,0.0,0.0,0.0,0.0,0.0,0.0,0.0,0.0,0.0,0.0,0.0,0.0,0.0,0.0,0.0,0.0,0.0,0.0,0.0,0.0,0.0,0.0,0.0,0.0,0.0,0.0,0.0,0.0,0.0,0.0,0.0,0.0,0.0,0.0,0.0,0.0,0.0,0.0,0.0,0.0,0.0,0.0,0.0,0.0,0.0,0.0,0.0,0.0,0.0,0.0,0.0
https://i.scdn.co/image/ab67616d00004851d75f9bcceee0bda633d23edf,spotify:track:1bjhYUwKUHEg5fHknxFObO,Frank Ocean,Lost,Red Zone Entertainment / IDJ,10.0,12.0,10.0,657541.0,0.0,0.0,0.0,0.0,0.0,0.0,0.0,0.0,0.0,0.0,0.0,0.0,0.0,0.0,0.0,0.0,0.0,0.0,657541.0,0.0,0.0,0.0,0.0,0.0,0.0,0.0,0.0,0.0,0.0,0.0,0.0,0.0,0.0,0.0,0.0,0.0,0.0,0.0,0.0,0.0,0.0,0.0,0.0,0.0,0.0,0.0,0.0,0.0,0.0,0.0,0.0,0.0,0.0,0.0,0.0,0.0,0.0,0.0,0.0,0.0,0.0,0.0,0.0,0.0,0.0,0.0,0.0,0.0,0.0,0.0,0.0,0.0,0.0,0.0,0.0,0.0,0.0,0.0,0.0,0.0,0.0,0.0,0.0,0.0,0.0,0.0,0.0,0.0,0.0,0.0,0.0,0.0,0.0,0.0,0.0,0.0,0.0,0.0,0.0,0.0,0.0,0.0,0.0,0.0,0.0,0.0,0.0,0.0,0.0,0.0,0.0,0.0,0.0,0.0,0.0,0.0,0.0,0.0,0.0
https://i.scdn.co/image/ab67616d000048517904dbff5b1dac889cdff376,spotify:track:5S9Zs5g9lTWnLIboN1pdlU,Lauren Spencer-Smith,Fingers Crossed,"Three Name Productions, Inc./ Island Records & Republic Records",2.0,11.0,16.0,630400.0,0.0,0.0,0.0,0.0,0.0,1175448.0,0.0,964078.0,795024.0,898592.0,816089.0,772747.0,732393.0,0.0,0.0,0.0,0.0,0.0,0.0,630400.0,0.0,0.0,0.0,0.0,0.0,0.0,0.0,0.0,0.0,0.0,0.0,0.0,0.0,0.0,0.0,0.0,0.0,0.0,0.0,0.0,0.0,0.0,0.0,0.0,0.0,0.0,0.0,0.0,0.0,0.0,0.0,0.0,0.0,0.0,0.0,0.0,0.0,0.0,0.0,0.0,0.0,0.0,0.0,0.0,0.0,0.0,0.0,0.0,0.0,0.0,0.0,0.0,0.0,0.0,0.0,0.0,0.0,0.0,0.0,0.0,0.0,0.0,0.0,0.0,0.0,0.0,0.0,0.0,0.0,0.0,0.0,0.0,0.0,0.0,0.0,0.0,0.0,0.0,0.0,0.0,0.0,0.0,0.0,0.0,0.0,0.0,0.0,0.0,0.0,0.0,0.0,0.0,0.0,0.0,0.0,0.0,0.0,0.0,0.0
https://i.scdn.co/image/ab67616d000048519e6f57b6b43d748ce80c5122,spotify:track:6Ab81Bs9fcOwaTYuBsUUpI,"The Game, Kanye West",Eazy,"100 Entertainment, Inc",2.0,9.0,7.0,735371.0,0.0,0.0,0.0,0.0,0.0,0.0,0.0,0.0,0.0,0.0,0.0,0.0,0.0,0.0,1071485.0,1156196.0,895943.0,866342.0,734146.0,667413.0,735371.0,0.0,0.0,0.0,0.0,0.0,0.0,0.0,0.0,0.0,0.0,0.0,0.0,0.0,0.0,0.0,0.0,0.0,0.0,0.0,0.0,0.0,0.0,0.0,0.0,0.0,0.0,0.0,0.0,0.0,0.0,0.0,0.0,0.0,0.0,0.0,0.0,0.0,0.0,0.0,0.0,0.0,0.0,0.0,0.0,0.0,0.0,0.0,0.0,0.0,0.0,0.0,0.0,0.0,0.0,0.0,0.0,0.0,0.0,0.0,0.0,0.0,0.0,0.0,0.0,0.0,0.0,0.0,0.0,0.0,0.0,0.0,0.0,0.0,0.0,0.0,0.0,0.0,0.0,0.0,0.0,0.0,0.0,0.0,0.0,0.0,0.0,0.0,0.0,0.0,0.0,0.0,0.0,0.0,0.0,0.0,0.0,0.0,0.0
https://i.scdn.co/image/ab67616d00004851c7c579c9b540f56584909d28,spotify:track:1BSMpVGWs3v5BZKnAQziAc,Charlie Puth,Light Switch,Atlantic Records,6.0,6.0,3.0,642578.0,0.0,0.0,0.0,0.0,0.0,0.0,0.0,0.0,0.0,0.0,0.0,0.0,0.0,0.0,0.0,0.0,0.0,0.0,0.0,0.0,859606.0,642578.0,0.0,0.0,0.0,0.0,0.0,0.0,0.0,0.0,0.0,0.0,0.0,0.0,0.0,0.0,0.0,0.0,0.0,0.0,0.0,0.0,0.0,0.0,0.0,0.0,0.0,0.0,0.0,0.0,0.0,0.0,0.0,0.0,0.0,0.0,0.0,0.0,0.0,0.0,0.0,0.0,0.0,0.0,0.0,0.0,0.0,0.0,0.0,0.0,0.0,0.0,0.0,0.0,0.0,0.0,0.0,0.0,0.0,0.0,0.0,0.0,0.0,0.0,0.0,0.0,0.0,0.0,0.0,0.0,0.0,0.0,0.0,0.0,0.0,0.0,0.0,0.0,0.0,0.0,0.0,0.0,0.0,0.0,0.0,0.0,0.0,0.0,0.0,0.0,0.0,0.0,0.0,0.0,0.0,0.0,0.0,0.0,0.0
https://i.scdn.co/image/ab67616d00004851963b0f9c4305995cf3dc991d,spotify:track:3LnpBazWpD31QMTn6LgVGv,"Gunna, Future, Young Thug",pushin P (feat. Young Thug),300 Entertainment,2.0,2.0,19.0,1133580.0,0.0,0.0,0.0,0.0,0.0,0.0,0.0,0.0,0.0,0.0,0.0,0.0,0.0,822377.0,780670.0,767707.0,855492.0,1115423.0,1178584.0,1176793.0,1264487.0,1218338.0,1043373.0,1094081.0,1133580.0,0.0,0.0,0.0,0.0,0.0,0.0,0.0,0.0,0.0,0.0,0.0,0.0,0.0,0.0,0.0,0.0,0.0,0.0,0.0,0.0,0.0,0.0,0.0,0.0,0.0,0.0,0.0,0.0,0.0,0.0,0.0,0.0,0.0,0.0,0.0,0.0,0.0,0.0,0.0,0.0,0.0,0.0,0.0,0.0,0.0,0.0,0.0,0.0,0.0,0.0,0.0,0.0,0.0,0.0,0.0,0.0,0.0,0.0,0.0,0.0,0.0,0.0,0.0,0.0,0.0,0.0,0.0,0.0,0.0,0.0,0.0,0.0,0.0,0.0,0.0,0.0,0.0,0.0,0.0,0.0,0.0,0.0,0.0,0.0,0.0,0.0,0.0,0.0,0.0,0.0,0.0,0.0,0.0,0.0
https://i.scdn.co/image/ab67616d00004851e1ac646ed6f25125e2a77229,spotify:track:760jhRscwGbIIe1m1IIQpU,Jessica Darrow,Surface Pressure,Walt Disney Records,3.0,4.0,32.0,961674.0,0.0,577550.0,668766.0,720929.0,776186.0,812785.0,0.0,0.0,804036.0,876015.0,883586.0,895789.0,893909.0,924621.0,883048.0,782084.0,841469.0,866733.0,909049.0,944204.0,987073.0,972088.0,886954.0,925521.0,950100.0,961674.0,0.0,0.0,0.0,0.0,0.0,0.0,0.0,0.0,0.0,0.0,0.0,0.0,0.0,0.0,0.0,0.0,0.0,0.0,0.0,0.0,0.0,0.0,0.0,0.0,0.0,0.0,0.0,0.0,0.0,0.0,0.0,0.0,0.0,0.0,0.0,0.0,0.0,0.0,0.0,0.0,0.0,0.0,0.0,0.0,0.0,0.0,0.0,0.0,0.0,0.0,0.0,0.0,0.0,0.0,0.0,0.0,0.0,0.0,0.0,0.0,0.0,0.0,0.0,0.0,0.0,0.0,0.0,0.0,0.0,0.0,0.0,0.0,0.0,0.0,0.0,0.0,0.0,0.0,0.0,0.0,0.0,0.0,0.0,0.0,0.0,0.0,0.0,0.0,0.0,0.0,0.0,0.0,0.0
https://i.scdn.co/image/ab67616d00004851c6b577e4c4a6d326354a89f7,spotify:track:46IZ0fSY2mpAiktS3KOqds,Adele,Easy On Me,Columbia,1.0,10.0,106.0,628786.0,621071.0,611666.0,700476.0,707705.0,705042.0,704736.0,0.0,0.0,0.0,0.0,0.0,0.0,0.0,0.0,0.0,0.0,0.0,0.0,0.0,0.0,0.0,647292.0,0.0,617578.0,631526.0,626617.0,628786.0,0.0,0.0,0.0,0.0,0.0,0.0,0.0,0.0,0.0,0.0,0.0,0.0,0.0,0.0,0.0,0.0,0.0,0.0,0.0,0.0,0.0,0.0,0.0,0.0,0.0,0.0,0.0,0.0,0.0,0.0,0.0,0.0,0.0,0.0,0.0,0.0,0.0,0.0,0.0,0.0,0.0,0.0,0.0,0.0,0.0,0.0,0.0,0.0,0.0,0.0,0.0,0.0,0.0,0.0,0.0,0.0,0.0,0.0,0.0,0.0,0.0,0.0,0.0,0.0,0.0,0.0,0.0,0.0,0.0,0.0,0.0,0.0,0.0,0.0,0.0,0.0,0.0,0.0,0.0,0.0,0.0,0.0,0.0,0.0,0.0,0.0,0.0,0.0,0.0,0.0,0.0,0.0
https://i.scdn.co/image/ab67616d00004851e1ac646ed6f25125e2a77229,spotify:track:4b1yxSdlumA8N4fEk4UOZp,"Stephanie Beatriz, Olga Merediz, Encanto - Cast",The Family Madrigal,Walt Disney Records,10.0,13.0,34.0,645601.0,0.0,0.0,0.0,0.0,0.0,0.0,0.0,0.0,0.0,0.0,0.0,0.0,0.0,0.0,0.0,0.0,0.0,0.0,0.0,0.0,0.0,0.0,0.0,0.0,0.0,0.0,0.0,0.0,645601.0,0.0,0.0,0.0,0.0,0.0,0.0,0.0,0.0,0.0,0.0,0.0,0.0,0.0,0.0,0.0,0.0,0.0,0.0,0.0,0.0,0.0,0.0,0.0,0.0,0.0,0.0,0.0,0.0,0.0,0.0,0.0,0.0,0.0,0.0,0.0,0.0,0.0,0.0,0.0,0.0,0.0,0.0,0.0,0.0,0.0,0.0,0.0,0.0,0.0,0.0,0.0,0.0,0.0,0.0,0.0,0.0,0.0,0.0,0.0,0.0,0.0,0.0,0.0,0.0,0.0,0.0,0.0,0.0,0.0,0.0,0.0,0.0,0.0,0.0,0.0,0.0,0.0,0.0,0.0,0.0,0.0,0.0,0.0,0.0,0.0,0.0,0.0,0.0,0.0,0.0
https://i.scdn.co/image/ab67616d00004851aa597e50829169e6994eb403,spotify:track:1r9xUipOqoNwggBpENDsvJ,"Imagine Dragons, JID, Arcane, League of Legends",Enemy (with JID) - from the series Arcane League of Legends,KIDinaKORNER/Interscope Records,8.0,10.0,94.0,626817.0,0.0,578956.0,621883.0,632754.0,632630.0,628261.0,0.0,0.0,0.0,0.0,0.0,0.0,0.0,0.0,0.0,0.0,0.0,0.0,0.0,0.0,0.0,0.0,575027.0,0.0,0.0,0.0,0.0,653283.0,649812.0,601691.0,617598.0,639261.0,626817.0,0.0,0.0,0.0,0.0,0.0,0.0,0.0,0.0,0.0,0.0,0.0,0.0,0.0,0.0,0.0,0.0,0.0,0.0,0.0,0.0,0.0,0.0,0.0,0.0,0.0,0.0,0.0,0.0,0.0,0.0,0.0,0.0,0.0,0.0,0.0,0.0,0.0,0.0,0.0,0.0,0.0,0.0,0.0,0.0,0.0,0.0,0.0,0.0,0.0,0.0,0.0,0.0,0.0,0.0,0.0,0.0,0.0,0.0,0.0,0.0,0.0,0.0,0.0,0.0,0.0,0.0,0.0,0.0,0.0,0.0,0.0,0.0,0.0,0.0,0.0,0.0,0.0,0.0,0.0,0.0,0.0,0.0,0.0,0.0,0.0,0.0
https://i.scdn.co/image/ab67616d00004851f7916a35ffdd6cb90bbbdf2f,spotify:track:0IuVhCflrQPMGRrOyoY5RW,Tate McRae,she's all i wanna be,RCA Records Label,10.0,-1.0,1.0,716119.0,0.0,0.0,0.0,0.0,0.0,0.0,0.0,0.0,0.0,0.0,0.0,0.0,0.0,0.0,0.0,0.0,0.0,0.0,0.0,0.0,0.0,0.0,0.0,0.0,0.0,0.0,0.0,0.0,0.0,0.0,0.0,0.0,0.0,0.0,716119.0,0.0,0.0,0.0,0.0,0.0,0.0,0.0,0.0,0.0,0.0,0.0,0.0,0.0,0.0,0.0,0.0,0.0,0.0,0.0,0.0,0.0,0.0,0.0,0.0,0.0,0.0,0.0,0.0,0.0,0.0,0.0,0.0,0.0,0.0,0.0,0.0,0.0,0.0,0.0,0.0,0.0,0.0,0.0,0.0,0.0,0.0,0.0,0.0,0.0,0.0,0.0,0.0,0.0,0.0,0.0,0.0,0.0,0.0,0.0,0.0,0.0,0.0,0.0,0.0,0.0,0.0,0.0,0.0,0.0,0.0,0.0,0.0,0.0,0.0,0.0,0.0,0.0,0.0,0.0,0.0,0.0,0.0,0.0,0.0
https://i.scdn.co/image/ab67616d000048515340631eca6f127d094545c9,spotify:track:4A8cWXxKfIL3lAyUDzXbCF,Kodak Black,Super Gremlin,Atlantic/Sniper Gang,2.0,4.0,72.0,967288.0,725330.0,665818.0,786392.0,808164.0,780817.0,785500.0,0.0,0.0,0.0,848854.0,880299.0,901152.0,928271.0,956791.0,907229.0,786934.0,852120.0,967779.0,1010310.0,999453.0,1054999.0,1035066.0,899847.0,934674.0,985427.0,956207.0,967114.0,1023459.0,1005361.0,896057.0,945980.0,971856.0,932499.0,893551.0,963986.0,1018288.0,905555.0,919618.0,967288.0,0.0,0.0,0.0,0.0,0.0,0.0,0.0,0.0,0.0,0.0,0.0,0.0,0.0,0.0,0.0,0.0,0.0,0.0,0.0,0.0,0.0,0.0,0.0,0.0,0.0,0.0,0.0,0.0,0.0,0.0,0.0,0.0,0.0,0.0,0.0,0.0,0.0,0.0,0.0,0.0,0.0,0.0,0.0,0.0,0.0,0.0,0.0,0.0,0.0,0.0,0.0,0.0,0.0,0.0,0.0,0.0,0.0,0.0,0.0,0.0,0.0,0.0,0.0,0.0,0.0,0.0,0.0,0.0,0.0,0.0,0.0,0.0,0.0,0.0,0.0,0.0,0.0,0.0,0.0,0.0
https://i.scdn.co/image/ab67616d000048517df334f26d1e55dfba843463,spotify:track:1PNs0uGru3TcrA94kpyGnc,"Nicki Minaj, Lil Baby",Do We Have A Problem?,Republic Records,4.0,12.0,6.0,657169.0,0.0,0.0,0.0,0.0,0.0,0.0,0.0,0.0,0.0,0.0,0.0,0.0,0.0,0.0,0.0,0.0,0.0,0.0,0.0,0.0,0.0,0.0,0.0,0.0,0.0,0.0,0.0,0.0,0.0,0.0,0.0,0.0,0.0,0.0,1014479.0,843260.0,637895.0,656909.0,0.0,657169.0,0.0,0.0,0.0,0.0,0.0,0.0,0.0,0.0,0.0,0.0,0.0,0.0,0.0,0.0,0.0,0.0,0.0,0.0,0.0,0.0,0.0,0.0,0.0,0.0,0.0,0.0,0.0,0.0,0.0,0.0,0.0,0.0,0.0,0.0,0.0,0.0,0.0,0.0,0.0,0.0,0.0,0.0,0.0,0.0,0.0,0.0,0.0,0.0,0.0,0.0,0.0,0.0,0.0,0.0,0.0,0.0,0.0,0.0,0.0,0.0,0.0,0.0,0.0,0.0,0.0,0.0,0.0,0.0,0.0,0.0,0.0,0.0,0.0,0.0,0.0,0.0,0.0,0.0,0.0
https://i.scdn.co/image/ab67616d00004851d4b6947ccac23f833993aff5,spotify:track:42Xba467wgGvYrR2EE6s0i,Juice WRLD,Cigarettes,Grade A Productions/Interscope Records,2.0,6.0,9.0,707991.0,0.0,0.0,0.0,0.0,0.0,0.0,0.0,0.0,0.0,0.0,0.0,0.0,0.0,0.0,0.0,0.0,0.0,0.0,0.0,0.0,0.0,0.0,0.0,0.0,0.0,0.0,0.0,0.0,0.0,0.0,0.0,0.0,0.0,1182490.0,1160984.0,973535.0,812540.0,884755.0,841987.0,770896.0,707991.0,0.0,0.0,0.0,0.0,0.0,0.0,0.0,0.0,0.0,0.0,0.0,0.0,0.0,0.0,0.0,0.0,0.0,0.0,0.0,0.0,0.0,0.0,0.0,0.0,0.0,0.0,0.0,0.0,0.0,0.0,0.0,0.0,0.0,0.0,0.0,0.0,0.0,0.0,0.0,0.0,0.0,0.0,0.0,0.0,0.0,0.0,0.0,0.0,0.0,0.0,0.0,0.0,0.0,0.0,0.0,0.0,0.0,0.0,0.0,0.0,0.0,0.0,0.0,0.0,0.0,0.0,0.0,0.0,0.0,0.0,0.0,0.0,0.0,0.0,0.0,0.0,0.0,0.0
https://i.scdn.co/image/ab67616d0000485189aff4625958eac8d16535c7,spotify:track:6N1K5OVVCopBjGViHs2IvP,"Ed Sheeran, Taylor Swift",The Joker And The Queen (feat. Taylor Swift),Atlantic Records UK,6.0,-1.0,1.0,996285.0,0.0,0.0,0.0,0.0,0.0,0.0,0.0,0.0,0.0,0.0,0.0,0.0,0.0,0.0,0.0,0.0,0.0,0.0,0.0,0.0,0.0,0.0,0.0,0.0,0.0,0.0,0.0,0.0,0.0,0.0,0.0,0.0,0.0,0.0,0.0,0.0,0.0,0.0,0.0,0.0,0.0,996285.0,0.0,0.0,0.0,0.0,0.0,0.0,0.0,0.0,0.0,0.0,0.0,0.0,0.0,0.0,0.0,0.0,0.0,0.0,0.0,0.0,0.0,0.0,0.0,0.0,0.0,0.0,0.0,0.0,0.0,0.0,0.0,0.0,0.0,0.0,0.0,0.0,0.0,0.0,0.0,0.0,0.0,0.0,0.0,0.0,0.0,0.0,0.0,0.0,0.0,0.0,0.0,0.0,0.0,0.0,0.0,0.0,0.0,0.0,0.0,0.0,0.0,0.0,0.0,0.0,0.0,0.0,0.0,0.0,0.0,0.0,0.0,0.0,0.0,0.0,0.0,0.0,0.0
https://i.scdn.co/image/ab67616d000048518c10ac7c3a733632833c3d88,spotify:track:7lcI4X8RZxK4zIknJcwpBq,"Nicki Minaj, Lil Baby",Bussin,Republic Records,10.0,-1.0,1.0,763327.0,0.0,0.0,0.0,0.0,0.0,0.0,0.0,0.0,0.0,0.0,0.0,0.0,0.0,0.0,0.0,0.0,0.0,0.0,0.0,0.0,0.0,0.0,0.0,0.0,0.0,0.0,0.0,0.0,0.0,0.0,0.0,0.0,0.0,0.0,0.0,0.0,0.0,0.0,0.0,0.0,0.0,763327.0,0.0,0.0,0.0,0.0,0.0,0.0,0.0,0.0,0.0,0.0,0.0,0.0,0.0,0.0,0.0,0.0,0.0,0.0,0.0,0.0,0.0,0.0,0.0,0.0,0.0,0.0,0.0,0.0,0.0,0.0,0.0,0.0,0.0,0.0,0.0,0.0,0.0,0.0,0.0,0.0,0.0,0.0,0.0,0.0,0.0,0.0,0.0,0.0,0.0,0.0,0.0,0.0,0.0,0.0,0.0,0.0,0.0,0.0,0.0,0.0,0.0,0.0,0.0,0.0,0.0,0.0,0.0,0.0,0.0,0.0,0.0,0.0,0.0,0.0,0.0,0.0,0.0
https://i.scdn.co/image/ab67616d0000485172babf690675fe969470e8ee,spotify:track:1ri9ZUkBJVFUdgwzCnfcYs,"Becky G, KAROL G",MAMIII,Kemosabe Records/RCA Records,9.0,17.0,2.0,678178.0,0.0,0.0,0.0,0.0,0.0,0.0,0.0,0.0,0.0,0.0,0.0,0.0,0.0,0.0,0.0,0.0,0.0,0.0,0.0,0.0,0.0,0.0,0.0,0.0,0.0,0.0,0.0,0.0,0.0,0.0,0.0,0.0,0.0,0.0,0.0,0.0,0.0,0.0,0.0,0.0,0.0,0.0,678178.0,0.0,0.0,0.0,0.0,0.0,0.0,0.0,0.0,0.0,0.0,0.0,0.0,0.0,0.0,0.0,0.0,0.0,0.0,0.0,0.0,0.0,0.0,0.0,0.0,0.0,0.0,0.0,0.0,0.0,0.0,0.0,0.0,0.0,0.0,0.0,0.0,0.0,0.0,0.0,0.0,0.0,0.0,0.0,0.0,0.0,0.0,0.0,0.0,0.0,0.0,0.0,0.0,0.0,0.0,0.0,0.0,0.0,0.0,0.0,0.0,0.0,0.0,0.0,0.0,0.0,0.0,0.0,0.0,0.0,0.0,0.0,0.0,0.0,0.0,0.0,0.0
https://i.scdn.co/image/ab67616d000048519cd828e243b08cb70b15d047,spotify:track:4huBDGP4I3S0pYI0EaRN1c,"Fivio Foreign, Kanye West, Alicia Keys",City of Gods,RichFish/Columbia,2.0,10.0,4.0,677840.0,0.0,0.0,0.0,0.0,0.0,0.0,0.0,0.0,0.0,0.0,0.0,0.0,0.0,0.0,0.0,0.0,0.0,0.0,0.0,0.0,0.0,0.0,0.0,0.0,0.0,0.0,0.0,0.0,0.0,0.0,0.0,0.0,0.0,0.0,0.0,0.0,0.0,0.0,0.0,0.0,0.0,1126655.0,815119.0,580691.0,677840.0,0.0,0.0,0.0,0.0,0.0,0.0,0.0,0.0,0.0,0.0,0.0,0.0,0.0,0.0,0.0,0.0,0.0,0.0,0.0,0.0,0.0,0.0,0.0,0.0,0.0,0.0,0.0,0.0,0.0,0.0,0.0,0.0,0.0,0.0,0.0,0.0,0.0,0.0,0.0,0.0,0.0,0.0,0.0,0.0,0.0,0.0,0.0,0.0,0.0,0.0,0.0,0.0,0.0,0.0,0.0,0.0,0.0,0.0,0.0,0.0,0.0,0.0,0.0,0.0,0.0,0.0,0.0,0.0,0.0,0.0,0.0,0.0,0.0,0.0
https://i.scdn.co/image/ab67616d00004851b6ef2ebd34efb08cb76f6eec,spotify:track:1v7L65Lzy0j0vdpRjJewt1,Eminem,"Lose Yourself - From ""8 Mile"" Soundtrack",Aftermath,9.0,108.0,105.0,652490.0,0.0,0.0,0.0,0.0,0.0,0.0,0.0,0.0,0.0,0.0,0.0,0.0,0.0,0.0,0.0,0.0,0.0,0.0,0.0,0.0,0.0,0.0,0.0,0.0,0.0,0.0,0.0,0.0,0.0,0.0,0.0,0.0,0.0,0.0,0.0,0.0,0.0,0.0,0.0,0.0,0.0,0.0,0.0,0.0,652490.0,0.0,0.0,0.0,0.0,0.0,0.0,0.0,0.0,0.0,0.0,0.0,0.0,0.0,0.0,0.0,0.0,0.0,0.0,0.0,0.0,0.0,0.0,0.0,0.0,0.0,0.0,0.0,0.0,0.0,0.0,0.0,0.0,0.0,0.0,0.0,0.0,0.0,0.0,0.0,0.0,0.0,0.0,0.0,0.0,0.0,0.0,0.0,0.0,0.0,0.0,0.0,0.0,0.0,0.0,0.0,0.0,0.0,0.0,0.0,0.0,0.0,0.0,0.0,0.0,0.0,0.0,0.0,0.0,0.0,0.0,0.0,0.0,0.0,0.0
https://i.scdn.co/image/ab67616d000048519b19c107109de740bad72df5,spotify:track:4LwU4Vp6od3Sb08CsP99GC,"Dr. Dre, Snoop Dogg",The Next Episode,Aftermath,5.0,5.0,3.0,676863.0,0.0,0.0,0.0,0.0,0.0,0.0,0.0,0.0,0.0,0.0,0.0,0.0,0.0,0.0,0.0,0.0,0.0,0.0,0.0,0.0,0.0,0.0,0.0,0.0,0.0,0.0,0.0,0.0,0.0,0.0,0.0,0.0,0.0,0.0,0.0,0.0,0.0,0.0,0.0,0.0,0.0,0.0,0.0,0.0,783963.0,676863.0,0.0,0.0,0.0,0.0,0.0,0.0,0.0,0.0,0.0,0.0,0.0,0.0,0.0,0.0,0.0,0.0,0.0,0.0,0.0,0.0,0.0,0.0,0.0,0.0,0.0,0.0,0.0,0.0,0.0,0.0,0.0,0.0,0.0,0.0,0.0,0.0,0.0,0.0,0.0,0.0,0.0,0.0,0.0,0.0,0.0,0.0,0.0,0.0,0.0,0.0,0.0,0.0,0.0,0.0,0.0,0.0,0.0,0.0,0.0,0.0,0.0,0.0,0.0,0.0,0.0,0.0,0.0,0.0,0.0,0.0,0.0,0.0,0.0
https://i.scdn.co/image/ab67616d000048519b19c107109de740bad72df5,spotify:track:503OTo2dSqe7qk76rgsbep,"Dr. Dre, Snoop Dogg",Still D.R.E.,Aftermath,2.0,7.0,7.0,670656.0,0.0,0.0,0.0,0.0,0.0,0.0,0.0,0.0,0.0,0.0,0.0,0.0,0.0,0.0,0.0,0.0,0.0,0.0,0.0,0.0,0.0,0.0,0.0,0.0,0.0,0.0,0.0,0.0,0.0,0.0,0.0,0.0,0.0,0.0,0.0,0.0,0.0,0.0,0.0,0.0,0.0,0.0,0.0,0.0,1040389.0,863341.0,712152.0,670656.0,0.0,0.0,0.0,0.0,0.0,0.0,0.0,0.0,0.0,0.0,0.0,0.0,0.0,0.0,0.0,0.0,0.0,0.0,0.0,0.0,0.0,0.0,0.0,0.0,0.0,0.0,0.0,0.0,0.0,0.0,0.0,0.0,0.0,0.0,0.0,0.0,0.0,0.0,0.0,0.0,0.0,0.0,0.0,0.0,0.0,0.0,0.0,0.0,0.0,0.0,0.0,0.0,0.0,0.0,0.0,0.0,0.0,0.0,0.0,0.0,0.0,0.0,0.0,0.0,0.0,0.0,0.0,0.0,0.0,0.0,0.0
https://i.scdn.co/image/ab67616d000048515dc995e4a03ca1f9255d0968,spotify:track:2bBClS4zzrRd4Aj59NaKSv,Kodak Black,Super Gremlin,Atlantic Records,2.0,3.0,88.0,762065.0,0.0,0.0,0.0,0.0,0.0,0.0,0.0,0.0,0.0,0.0,0.0,0.0,0.0,0.0,0.0,0.0,0.0,0.0,0.0,0.0,0.0,0.0,0.0,0.0,0.0,0.0,0.0,0.0,0.0,0.0,0.0,0.0,0.0,0.0,0.0,0.0,0.0,0.0,0.0,1032861.0,997497.0,1017855.0,962127.0,818733.0,755231.0,810657.0,814691.0,818122.0,866603.0,848652.0,749919.0,776825.0,791681.0,787867.0,762065.0,0.0,0.0,0.0,0.0,0.0,0.0,0.0,0.0,0.0,0.0,0.0,0.0,0.0,0.0,0.0,0.0,0.0,0.0,0.0,0.0,0.0,0.0,0.0,0.0,0.0,0.0,0.0,0.0,0.0,0.0,0.0,0.0,0.0,0.0,0.0,0.0,0.0,0.0,0.0,0.0,0.0,0.0,0.0,0.0,0.0,0.0,0.0,0.0,0.0,0.0,0.0,0.0,0.0,0.0,0.0,0.0,0.0,0.0,0.0,0.0,0.0,0.0,0.0,0.0
https://i.scdn.co/image/ab67616d000048519d272936b9368c8d7fd2e6ef,spotify:track:3vySEUpD0tc801F2WZDLYw,"Tyga, Doja Cat",Freaky Deaky,Kemosabe / RCA Records / Last Kings Music / EMPIRE,9.0,-1.0,1.0,621383.0,0.0,0.0,0.0,0.0,0.0,0.0,0.0,0.0,0.0,0.0,0.0,0.0,0.0,0.0,0.0,0.0,0.0,0.0,0.0,0.0,0.0,0.0,0.0,0.0,0.0,0.0,0.0,0.0,0.0,0.0,0.0,0.0,0.0,0.0,0.0,0.0,0.0,0.0,0.0,0.0,0.0,0.0,0.0,0.0,0.0,0.0,0.0,0.0,0.0,0.0,0.0,0.0,0.0,0.0,0.0,621383.0,0.0,0.0,0.0,0.0,0.0,0.0,0.0,0.0,0.0,0.0,0.0,0.0,0.0,0.0,0.0,0.0,0.0,0.0,0.0,0.0,0.0,0.0,0.0,0.0,0.0,0.0,0.0,0.0,0.0,0.0,0.0,0.0,0.0,0.0,0.0,0.0,0.0,0.0,0.0,0.0,0.0,0.0,0.0,0.0,0.0,0.0,0.0,0.0,0.0,0.0,0.0,0.0,0.0,0.0,0.0,0.0,0.0,0.0,0.0,0.0,0.0,0.0,0.0
https://i.scdn.co/image/ab67616d000048512842f743ebd32235bceb43d3,spotify:track:4fouWK6XVHhzl78KzQ1UjL,GAYLE,abcdefu,Atlantic/Arthouse Records,5.0,12.0,105.0,587265.0,738161.0,655547.0,732390.0,740571.0,736117.0,745069.0,0.0,0.0,0.0,0.0,0.0,757462.0,755070.0,787854.0,749286.0,647505.0,670686.0,708337.0,709646.0,698734.0,727793.0,711132.0,624275.0,640237.0,664952.0,668883.0,674686.0,729494.0,714742.0,644861.0,647660.0,665942.0,646383.0,616066.0,0.0,696459.0,624666.0,0.0,644676.0,0.0,647819.0,0.0,676015.0,582142.0,0.0,0.0,0.0,0.0,630196.0,632407.0,551369.0,0.0,0.0,0.0,0.0,0.0,587265.0,0.0,0.0,0.0,0.0,0.0,0.0,0.0,0.0,0.0,0.0,0.0,0.0,0.0,0.0,0.0,0.0,0.0,0.0,0.0,0.0,0.0,0.0,0.0,0.0,0.0,0.0,0.0,0.0,0.0,0.0,0.0,0.0,0.0,0.0,0.0,0.0,0.0,0.0,0.0,0.0,0.0,0.0,0.0,0.0,0.0,0.0,0.0,0.0,0.0,0.0,0.0,0.0,0.0,0.0,0.0,0.0,0.0,0.0,0.0,0.0,0.0,0.0
https://i.scdn.co/image/ab67616d000048514f1c407f8c5b9c72bbac4c54,spotify:track:374EllG6WyKdKvklfanNZT,"Machine Gun Kelly, Lil Wayne",ay! (feat. Lil Wayne),Bad Boy / Interscope,7.0,-1.0,1.0,721344.0,0.0,0.0,0.0,0.0,0.0,0.0,0.0,0.0,0.0,0.0,0.0,0.0,0.0,0.0,0.0,0.0,0.0,0.0,0.0,0.0,0.0,0.0,0.0,0.0,0.0,0.0,0.0,0.0,0.0,0.0,0.0,0.0,0.0,0.0,0.0,0.0,0.0,0.0,0.0,0.0,0.0,0.0,0.0,0.0,0.0,0.0,0.0,0.0,0.0,0.0,0.0,0.0,0.0,0.0,0.0,0.0,0.0,0.0,0.0,0.0,0.0,0.0,721344.0,0.0,0.0,0.0,0.0,0.0,0.0,0.0,0.0,0.0,0.0,0.0,0.0,0.0,0.0,0.0,0.0,0.0,0.0,0.0,0.0,0.0,0.0,0.0,0.0,0.0,0.0,0.0,0.0,0.0,0.0,0.0,0.0,0.0,0.0,0.0,0.0,0.0,0.0,0.0,0.0,0.0,0.0,0.0,0.0,0.0,0.0,0.0,0.0,0.0,0.0,0.0,0.0,0.0,0.0,0.0,0.0
https://i.scdn.co/image/ab67616d00004851a72bd0ca7e881596838adce0,spotify:track:6K5ph5mq1qprHae3TrgTj5,Jessica Darrow,"Surface Pressure - From ""Encanto""/Soundtrack Version","UMG Recordings, Inc.",3.0,9.0,71.0,538200.0,0.0,0.0,0.0,0.0,0.0,0.0,0.0,0.0,0.0,0.0,0.0,0.0,0.0,0.0,0.0,0.0,0.0,0.0,0.0,0.0,0.0,0.0,0.0,0.0,0.0,0.0,966407.0,1003606.0,960724.0,876436.0,897001.0,936933.0,916801.0,873668.0,890069.0,914154.0,826013.0,820787.0,829580.0,845499.0,826948.0,844688.0,853380.0,736408.0,677159.0,707158.0,722791.0,716786.0,750213.0,757300.0,665196.0,689911.0,658265.0,654348.0,637587.0,652688.0,672904.0,605039.0,0.0,590511.0,591840.0,600648.0,0.0,618357.0,538200.0,0.0,0.0,0.0,0.0,0.0,0.0,0.0,0.0,0.0,0.0,0.0,0.0,0.0,0.0,0.0,0.0,0.0,0.0,0.0,0.0,0.0,0.0,0.0,0.0,0.0,0.0,0.0,0.0,0.0,0.0,0.0,0.0,0.0,0.0,0.0,0.0,0.0,0.0,0.0,0.0,0.0,0.0,0.0,0.0,0.0,0.0,0.0,0.0,0.0,0.0,0.0,0.0,0.0,0.0
https://i.scdn.co/image/ab67616d0000485127ba168faff88111fd606454,spotify:track:6LtHYDgYHRCHoKK3snfr2w,"Labrinth, Zendaya",I’m Tired (with Zendaya) - Bonus Track,Columbia,3.0,16.0,8.0,562274.0,0.0,0.0,0.0,0.0,0.0,0.0,0.0,0.0,0.0,0.0,0.0,0.0,0.0,0.0,0.0,0.0,0.0,0.0,0.0,0.0,0.0,0.0,0.0,0.0,0.0,0.0,0.0,0.0,0.0,0.0,0.0,0.0,0.0,0.0,0.0,0.0,0.0,0.0,0.0,0.0,0.0,0.0,0.0,0.0,0.0,0.0,0.0,0.0,0.0,0.0,0.0,0.0,0.0,0.0,0.0,0.0,0.0,0.0,592979.0,870481.0,733446.0,701862.0,728525.0,577855.0,0.0,562274.0,0.0,0.0,0.0,0.0,0.0,0.0,0.0,0.0,0.0,0.0,0.0,0.0,0.0,0.0,0.0,0.0,0.0,0.0,0.0,0.0,0.0,0.0,0.0,0.0,0.0,0.0,0.0,0.0,0.0,0.0,0.0,0.0,0.0,0.0,0.0,0.0,0.0,0.0,0.0,0.0,0.0,0.0,0.0,0.0,0.0,0.0,0.0,0.0,0.0,0.0,0.0,0.0,0.0
https://i.scdn.co/image/ab67616d000048510397f50cb9dc5393db5d08bc,spotify:track:59CfNbkERJ3NoTXDvoURjj,Dove Cameron,Boyfriend,Disruptor Records/Columbia,10.0,10.0,27.0,570596.0,0.0,0.0,0.0,0.0,0.0,0.0,0.0,0.0,0.0,0.0,0.0,0.0,0.0,0.0,0.0,0.0,0.0,0.0,0.0,0.0,0.0,0.0,0.0,0.0,0.0,0.0,0.0,0.0,0.0,0.0,0.0,0.0,0.0,0.0,0.0,0.0,0.0,0.0,0.0,0.0,0.0,0.0,0.0,0.0,0.0,0.0,0.0,0.0,0.0,0.0,0.0,0.0,0.0,0.0,0.0,0.0,0.0,0.0,0.0,0.0,0.0,0.0,0.0,0.0,0.0,0.0,545152.0,570596.0,0.0,0.0,0.0,0.0,0.0,0.0,0.0,0.0,0.0,0.0,0.0,0.0,0.0,0.0,0.0,0.0,0.0,0.0,0.0,0.0,0.0,0.0,0.0,0.0,0.0,0.0,0.0,0.0,0.0,0.0,0.0,0.0,0.0,0.0,0.0,0.0,0.0,0.0,0.0,0.0,0.0,0.0,0.0,0.0,0.0,0.0,0.0,0.0,0.0,0.0,0.0
https://i.scdn.co/image/ab67616d000048515b656d32ea6b0b9c54c2d2e0,spotify:track:1TDeDFUYHjZKLsO6bzoVg1,"Rex Orange County, Tyler, The Creator","OPEN A WINDOW (feat. Tyler, The Creator)",Rex Orange County,10.0,68.0,3.0,643891.0,0.0,0.0,0.0,0.0,0.0,0.0,0.0,0.0,0.0,0.0,0.0,0.0,0.0,0.0,0.0,0.0,0.0,0.0,0.0,0.0,0.0,0.0,0.0,0.0,0.0,0.0,0.0,0.0,0.0,0.0,0.0,0.0,0.0,0.0,0.0,0.0,0.0,0.0,0.0,0.0,0.0,0.0,0.0,0.0,0.0,0.0,0.0,0.0,0.0,0.0,0.0,0.0,0.0,0.0,0.0,0.0,0.0,0.0,0.0,0.0,0.0,0.0,0.0,0.0,0.0,0.0,0.0,0.0,0.0,643891.0,0.0,0.0,0.0,0.0,0.0,0.0,0.0,0.0,0.0,0.0,0.0,0.0,0.0,0.0,0.0,0.0,0.0,0.0,0.0,0.0,0.0,0.0,0.0,0.0,0.0,0.0,0.0,0.0,0.0,0.0,0.0,0.0,0.0,0.0,0.0,0.0,0.0,0.0,0.0,0.0,0.0,0.0,0.0,0.0,0.0,0.0,0.0,0.0,0.0
https://i.scdn.co/image/ab67616d00004851a9a24981f3fc5d314f4e9f36,spotify:track:7mFj0LlWtEJaEigguaWqYh,"Megan Thee Stallion, Dua Lipa",Sweetest Pie,300 Entertainment,2.0,8.0,6.0,581359.0,0.0,0.0,0.0,0.0,0.0,0.0,0.0,0.0,0.0,0.0,0.0,0.0,0.0,0.0,0.0,0.0,0.0,0.0,0.0,0.0,0.0,0.0,0.0,0.0,0.0,0.0,0.0,0.0,0.0,0.0,0.0,0.0,0.0,0.0,0.0,0.0,0.0,0.0,0.0,0.0,0.0,0.0,0.0,0.0,0.0,0.0,0.0,0.0,0.0,0.0,0.0,0.0,0.0,0.0,0.0,0.0,0.0,0.0,0.0,0.0,0.0,0.0,0.0,0.0,0.0,0.0,0.0,0.0,0.0,936045.0,769018.0,601969.0,660702.0,610438.0,581359.0,0.0,0.0,0.0,0.0,0.0,0.0,0.0,0.0,0.0,0.0,0.0,0.0,0.0,0.0,0.0,0.0,0.0,0.0,0.0,0.0,0.0,0.0,0.0,0.0,0.0,0.0,0.0,0.0,0.0,0.0,0.0,0.0,0.0,0.0,0.0,0.0,0.0,0.0,0.0,0.0,0.0,0.0,0.0,0.0
https://i.scdn.co/image/ab67616d0000485132eea7f53d370cf83454c132,spotify:track:1Al4Z4K76RCKj31mExavs7,"Machine Gun Kelly, Bring Me The Horizon",maybe (feat. Bring Me The Horizon),Bad Boy / Interscope,4.0,4.0,3.0,718061.0,0.0,0.0,0.0,0.0,0.0,0.0,0.0,0.0,0.0,0.0,0.0,0.0,0.0,0.0,0.0,0.0,0.0,0.0,0.0,0.0,0.0,0.0,0.0,0.0,0.0,0.0,0.0,0.0,0.0,0.0,0.0,0.0,0.0,0.0,0.0,0.0,0.0,0.0,0.0,0.0,0.0,0.0,0.0,0.0,0.0,0.0,0.0,0.0,0.0,0.0,0.0,0.0,0.0,0.0,0.0,0.0,0.0,0.0,0.0,0.0,0.0,0.0,0.0,0.0,0.0,0.0,0.0,0.0,0.0,0.0,0.0,0.0,0.0,0.0,0.0,687857.0,718061.0,0.0,0.0,0.0,0.0,0.0,0.0,0.0,0.0,0.0,0.0,0.0,0.0,0.0,0.0,0.0,0.0,0.0,0.0,0.0,0.0,0.0,0.0,0.0,0.0,0.0,0.0,0.0,0.0,0.0,0.0,0.0,0.0,0.0,0.0,0.0,0.0,0.0,0.0,0.0,0.0,0.0,0.0
https://i.scdn.co/image/ab67616d000048517459992b444de38842b9bee7,spotify:track:3i6sCTU7ENlnHpHvrHUitW,Juice WRLD,Sometimes,Grade A Productions/Interscope Records,2.0,8.0,4.0,573548.0,0.0,0.0,0.0,0.0,0.0,0.0,0.0,0.0,0.0,0.0,0.0,0.0,0.0,0.0,0.0,0.0,0.0,0.0,0.0,0.0,0.0,0.0,0.0,0.0,0.0,0.0,0.0,0.0,0.0,0.0,0.0,0.0,0.0,0.0,0.0,0.0,0.0,0.0,0.0,0.0,0.0,0.0,0.0,0.0,0.0,0.0,0.0,0.0,0.0,0.0,0.0,0.0,0.0,0.0,0.0,0.0,0.0,0.0,0.0,0.0,0.0,0.0,0.0,0.0,0.0,0.0,0.0,0.0,0.0,0.0,0.0,0.0,0.0,0.0,0.0,0.0,762342.0,640875.0,557556.0,573548.0,0.0,0.0,0.0,0.0,0.0,0.0,0.0,0.0,0.0,0.0,0.0,0.0,0.0,0.0,0.0,0.0,0.0,0.0,0.0,0.0,0.0,0.0,0.0,0.0,0.0,0.0,0.0,0.0,0.0,0.0,0.0,0.0,0.0,0.0,0.0,0.0,0.0,0.0,0.0
https://i.scdn.co/image/ab67616d00004851444f118a9126af9e1483dcc0,spotify:track:2WL6GQzPuK9Nrpy9XwNEbz,Nirvana,Something In The Way,Geffen,2.0,8.0,18.0,527628.0,0.0,0.0,0.0,0.0,0.0,0.0,0.0,0.0,0.0,0.0,0.0,0.0,0.0,0.0,0.0,0.0,0.0,0.0,0.0,0.0,0.0,0.0,0.0,0.0,0.0,0.0,0.0,0.0,0.0,0.0,0.0,0.0,0.0,0.0,0.0,0.0,0.0,0.0,0.0,0.0,0.0,0.0,0.0,0.0,0.0,0.0,0.0,0.0,0.0,0.0,0.0,0.0,0.0,0.0,0.0,0.0,0.0,0.0,0.0,0.0,0.0,0.0,0.0,0.0,0.0,733823.0,793164.0,837644.0,802919.0,734391.0,677442.0,741097.0,858684.0,766856.0,723210.0,662122.0,618008.0,567562.0,559187.0,606459.0,555934.0,527628.0,0.0,0.0,0.0,0.0,0.0,0.0,0.0,0.0,0.0,0.0,0.0,0.0,0.0,0.0,0.0,0.0,0.0,0.0,0.0,0.0,0.0,0.0,0.0,0.0,0.0,0.0,0.0,0.0,0.0,0.0,0.0,0.0,0.0,0.0,0.0,0.0,0.0
https://i.scdn.co/image/ab67616d0000485114d91ebdd6d7e2931322cc1a,spotify:track:3XOalgusokruzA5ZBA2Qcb,"Gunna, Future, Young Thug",pushin P (feat. Young Thug),300 Entertainment,2.0,9.0,77.0,528110.0,0.0,0.0,0.0,0.0,0.0,0.0,0.0,0.0,0.0,0.0,0.0,0.0,0.0,0.0,0.0,0.0,0.0,0.0,0.0,0.0,0.0,0.0,0.0,0.0,0.0,1106736.0,1069128.0,1155244.0,1121267.0,986425.0,1015594.0,1068491.0,1035264.0,998160.0,1053498.0,1079622.0,943924.0,949119.0,978769.0,969851.0,954736.0,1058753.0,1044619.0,911022.0,815484.0,870298.0,876922.0,867714.0,889364.0,885826.0,785596.0,785177.0,788866.0,782875.0,739518.0,766839.0,767551.0,682276.0,698831.0,731599.0,722729.0,717166.0,743835.0,724971.0,629904.0,638048.0,594070.0,617101.0,634170.0,654517.0,626990.0,571496.0,582670.0,611392.0,605894.0,603833.0,623443.0,600291.0,535173.0,542679.0,541642.0,531917.0,528110.0,0.0,0.0,0.0,0.0,0.0,0.0,0.0,0.0,0.0,0.0,0.0,0.0,0.0,0.0,0.0,0.0,0.0,0.0,0.0,0.0,0.0,0.0,0.0,0.0,0.0,0.0,0.0,0.0,0.0,0.0,0.0,0.0,0.0,0.0,0.0,0.0
https://i.scdn.co/image/ab67616d00004851b4683d9ac3c5f14a71523c84,spotify:track:50eJOxJiGmJ7PBZaTKpje1,"Machine Gun Kelly, blackbear",make up sex (feat. blackbear),Bad Boy / Interscope,2.0,-1.0,1.0,768387.0,0.0,0.0,0.0,0.0,0.0,0.0,0.0,0.0,0.0,0.0,0.0,0.0,0.0,0.0,0.0,0.0,0.0,0.0,0.0,0.0,0.0,0.0,0.0,0.0,0.0,0.0,0.0,0.0,0.0,0.0,0.0,0.0,0.0,0.0,0.0,0.0,0.0,0.0,0.0,0.0,0.0,0.0,0.0,0.0,0.0,0.0,0.0,0.0,0.0,0.0,0.0,0.0,0.0,0.0,0.0,0.0,0.0,0.0,0.0,0.0,0.0,0.0,0.0,0.0,0.0,0.0,0.0,0.0,0.0,0.0,0.0,0.0,0.0,0.0,0.0,0.0,0.0,0.0,0.0,0.0,0.0,0.0,0.0,768387.0,0.0,0.0,0.0,0.0,0.0,0.0,0.0,0.0,0.0,0.0,0.0,0.0,0.0,0.0,0.0,0.0,0.0,0.0,0.0,0.0,0.0,0.0,0.0,0.0,0.0,0.0,0.0,0.0,0.0,0.0,0.0,0.0,0.0,0.0,0.0
https://i.scdn.co/image/ab67616d00004851b4683d9ac3c5f14a71523c84,spotify:track:25wdC7CJmCJPgnKw9rYquJ,"Machine Gun Kelly, Bring Me The Horizon",maybe (feat. Bring Me The Horizon),Bad Boy / Interscope,3.0,59.0,10.0,720345.0,0.0,0.0,0.0,0.0,0.0,0.0,0.0,0.0,0.0,0.0,0.0,0.0,0.0,0.0,0.0,0.0,0.0,0.0,0.0,0.0,0.0,0.0,0.0,0.0,0.0,0.0,0.0,0.0,0.0,0.0,0.0,0.0,0.0,0.0,0.0,0.0,0.0,0.0,0.0,0.0,0.0,0.0,0.0,0.0,0.0,0.0,0.0,0.0,0.0,0.0,0.0,0.0,0.0,0.0,0.0,0.0,0.0,0.0,0.0,0.0,0.0,0.0,0.0,0.0,0.0,0.0,0.0,0.0,0.0,0.0,0.0,0.0,0.0,0.0,0.0,0.0,0.0,0.0,0.0,0.0,0.0,0.0,0.0,720345.0,0.0,0.0,0.0,0.0,0.0,0.0,0.0,0.0,0.0,0.0,0.0,0.0,0.0,0.0,0.0,0.0,0.0,0.0,0.0,0.0,0.0,0.0,0.0,0.0,0.0,0.0,0.0,0.0,0.0,0.0,0.0,0.0,0.0,0.0,0.0
https://i.scdn.co/image/ab67616d0000485142b84b2b0aa47bc162b29522,spotify:track:48AJSd42lXpicsGqcgopof,"Daddy Yankee, Bad Bunny",X ÚLTIMA VEZ,Republic Records,10.0,-1.0,1.0,587342.0,0.0,0.0,0.0,0.0,0.0,0.0,0.0,0.0,0.0,0.0,0.0,0.0,0.0,0.0,0.0,0.0,0.0,0.0,0.0,0.0,0.0,0.0,0.0,0.0,0.0,0.0,0.0,0.0,0.0,0.0,0.0,0.0,0.0,0.0,0.0,0.0,0.0,0.0,0.0,0.0,0.0,0.0,0.0,0.0,0.0,0.0,0.0,0.0,0.0,0.0,0.0,0.0,0.0,0.0,0.0,0.0,0.0,0.0,0.0,0.0,0.0,0.0,0.0,0.0,0.0,0.0,0.0,0.0,0.0,0.0,0.0,0.0,0.0,0.0,0.0,0.0,0.0,0.0,0.0,0.0,0.0,0.0,0.0,587342.0,0.0,0.0,0.0,0.0,0.0,0.0,0.0,0.0,0.0,0.0,0.0,0.0,0.0,0.0,0.0,0.0,0.0,0.0,0.0,0.0,0.0,0.0,0.0,0.0,0.0,0.0,0.0,0.0,0.0,0.0,0.0,0.0,0.0,0.0,0.0
https://i.scdn.co/image/ab67616d00004851af445d5ff0e945d3b5dd8c39,spotify:track:6HJIZUOiZDE814XMhRGSZN,Yahritza Y Su Esencia,Soy El Unico,Lumbre Music,4.0,6.0,5.0,533072.0,0.0,0.0,0.0,0.0,0.0,0.0,0.0,0.0,0.0,0.0,0.0,0.0,0.0,0.0,0.0,0.0,0.0,0.0,0.0,0.0,0.0,0.0,0.0,0.0,0.0,0.0,0.0,0.0,0.0,0.0,0.0,0.0,0.0,0.0,0.0,0.0,0.0,0.0,0.0,0.0,0.0,0.0,0.0,0.0,0.0,0.0,0.0,0.0,0.0,0.0,0.0,0.0,0.0,0.0,0.0,0.0,0.0,0.0,0.0,0.0,0.0,0.0,0.0,0.0,0.0,0.0,0.0,0.0,0.0,0.0,0.0,0.0,0.0,0.0,0.0,0.0,0.0,0.0,0.0,0.0,0.0,0.0,0.0,618922.0,687505.0,529428.0,568791.0,533072.0,0.0,0.0,0.0,0.0,0.0,0.0,0.0,0.0,0.0,0.0,0.0,0.0,0.0,0.0,0.0,0.0,0.0,0.0,0.0,0.0,0.0,0.0,0.0,0.0,0.0,0.0,0.0,0.0,0.0,0.0,0.0
https://i.scdn.co/image/ab67616d000048519214ff0109a0e062f8a6cf0f,spotify:track:4SqWKzw0CbA05TGszDgMlc,The Walters,I Love You So,Warner Records,7.0,8.0,172.0,540634.0,0.0,0.0,0.0,0.0,0.0,0.0,0.0,0.0,0.0,0.0,0.0,0.0,0.0,0.0,0.0,0.0,0.0,0.0,0.0,0.0,0.0,0.0,610456.0,672375.0,671480.0,676824.0,674450.0,683985.0,0.0,614708.0,669527.0,677109.0,661072.0,653046.0,0.0,0.0,0.0,656345.0,657064.0,662154.0,656880.0,0.0,0.0,0.0,0.0,635392.0,618933.0,614124.0,0.0,0.0,0.0,569991.0,598864.0,591470.0,582296.0,0.0,0.0,529294.0,589093.0,0.0,0.0,0.0,0.0,0.0,518015.0,583966.0,563969.0,605202.0,602600.0,0.0,0.0,535355.0,574083.0,0.0,0.0,0.0,0.0,0.0,0.0,556405.0,561640.0,555383.0,549404.0,0.0,0.0,0.0,552399.0,547099.0,540634.0,0.0,0.0,0.0,0.0,0.0,0.0,0.0,0.0,0.0,0.0,0.0,0.0,0.0,0.0,0.0,0.0,0.0,0.0,0.0,0.0,0.0,0.0,0.0,0.0,0.0,0.0,0.0,0.0,0.0,0.0
https://i.scdn.co/image/ab67616d00004851cd945b4e3de57edd28481a3f,spotify:track:2BcMwX1MPV6ZHP4tUT9uq6,"Drake, 21 Savage, Project Pat",Knife Talk (with 21 Savage ft. Project Pat),OVO,2.0,7.0,210.0,560775.0,0.0,0.0,0.0,0.0,609912.0,0.0,0.0,0.0,0.0,0.0,0.0,0.0,0.0,0.0,0.0,0.0,0.0,0.0,0.0,0.0,0.0,0.0,0.0,0.0,0.0,0.0,0.0,0.0,0.0,0.0,0.0,0.0,0.0,0.0,0.0,0.0,0.0,0.0,0.0,0.0,0.0,0.0,0.0,0.0,0.0,0.0,599980.0,600042.0,0.0,0.0,0.0,0.0,0.0,0.0,0.0,0.0,0.0,0.0,0.0,0.0,0.0,0.0,0.0,0.0,0.0,0.0,0.0,0.0,582783.0,0.0,570866.0,0.0,0.0,586647.0,594003.0,583446.0,0.0,564747.0,509414.0,0.0,544396.0,561178.0,556205.0,0.0,549716.0,490633.0,525039.0,554845.0,552851.0,560775.0,0.0,0.0,0.0,0.0,0.0,0.0,0.0,0.0,0.0,0.0,0.0,0.0,0.0,0.0,0.0,0.0,0.0,0.0,0.0,0.0,0.0,0.0,0.0,0.0,0.0,0.0,0.0,0.0,0.0
https://i.scdn.co/image/ab67616d00004851f64580773da3ed2c241dbd67,spotify:track:1BzXvBpIFWJgu0P8P6xmP4,"Dreamville, JID, J. Cole, Kenny Mason, Sheck Wes",Stick (with JID & J. Cole feat. Kenny Mason & Sheck Wes),Dreamville/Interscope Records,7.0,-1.0,1.0,671793.0,0.0,0.0,0.0,0.0,0.0,0.0,0.0,0.0,0.0,0.0,0.0,0.0,0.0,0.0,0.0,0.0,0.0,0.0,0.0,0.0,0.0,0.0,0.0,0.0,0.0,0.0,0.0,0.0,0.0,0.0,0.0,0.0,0.0,0.0,0.0,0.0,0.0,0.0,0.0,0.0,0.0,0.0,0.0,0.0,0.0,0.0,0.0,0.0,0.0,0.0,0.0,0.0,0.0,0.0,0.0,0.0,0.0,0.0,0.0,0.0,0.0,0.0,0.0,0.0,0.0,0.0,0.0,0.0,0.0,0.0,0.0,0.0,0.0,0.0,0.0,0.0,0.0,0.0,0.0,0.0,0.0,0.0,0.0,0.0,0.0,0.0,0.0,0.0,0.0,0.0,671793.0,0.0,0.0,0.0,0.0,0.0,0.0,0.0,0.0,0.0,0.0,0.0,0.0,0.0,0.0,0.0,0.0,0.0,0.0,0.0,0.0,0.0,0.0,0.0,0.0,0.0,0.0,0.0,0.0
https://i.scdn.co/image/ab67616d00004851dad0775943c1a826bfed3117,spotify:track:0U1W2LZVUX7qTm7dDpqxh6,Shawn Mendes,When You're Gone,Shawn Mendes LP4-5 PS/ Island,3.0,3.0,3.0,595023.0,0.0,0.0,0.0,0.0,0.0,0.0,0.0,0.0,0.0,0.0,0.0,0.0,0.0,0.0,0.0,0.0,0.0,0.0,0.0,0.0,0.0,0.0,0.0,0.0,0.0,0.0,0.0,0.0,0.0,0.0,0.0,0.0,0.0,0.0,0.0,0.0,0.0,0.0,0.0,0.0,0.0,0.0,0.0,0.0,0.0,0.0,0.0,0.0,0.0,0.0,0.0,0.0,0.0,0.0,0.0,0.0,0.0,0.0,0.0,0.0,0.0,0.0,0.0,0.0,0.0,0.0,0.0,0.0,0.0,0.0,0.0,0.0,0.0,0.0,0.0,0.0,0.0,0.0,0.0,0.0,0.0,0.0,0.0,0.0,0.0,0.0,0.0,0.0,0.0,591791.0,860263.0,595023.0,0.0,0.0,0.0,0.0,0.0,0.0,0.0,0.0,0.0,0.0,0.0,0.0,0.0,0.0,0.0,0.0,0.0,0.0,0.0,0.0,0.0,0.0,0.0,0.0,0.0,0.0,0.0
https://i.scdn.co/image/ab67616d000048511e6a9d4ce04b67a455ed6b8c,spotify:track:1HvTxgCj0mTzQlEo0zLvFb,Lil Tjay,In My Head,Columbia,3.0,7.0,4.0,596394.0,0.0,0.0,0.0,0.0,0.0,0.0,0.0,0.0,0.0,0.0,0.0,0.0,0.0,0.0,0.0,0.0,0.0,0.0,0.0,0.0,0.0,0.0,0.0,0.0,0.0,0.0,0.0,0.0,0.0,0.0,0.0,0.0,0.0,0.0,0.0,0.0,0.0,0.0,0.0,0.0,0.0,0.0,0.0,0.0,0.0,0.0,0.0,0.0,0.0,0.0,0.0,0.0,0.0,0.0,0.0,0.0,0.0,0.0,0.0,0.0,0.0,0.0,0.0,0.0,0.0,0.0,0.0,0.0,0.0,0.0,0.0,0.0,0.0,0.0,0.0,0.0,0.0,0.0,0.0,0.0,0.0,0.0,0.0,0.0,0.0,0.0,0.0,0.0,0.0,0.0,843328.0,706698.0,550255.0,596394.0,0.0,0.0,0.0,0.0,0.0,0.0,0.0,0.0,0.0,0.0,0.0,0.0,0.0,0.0,0.0,0.0,0.0,0.0,0.0,0.0,0.0,0.0,0.0,0.0,0.0
https://i.scdn.co/image/ab67616d00004851e6f407c7f3a0ec98845e4431,spotify:track:6I3mqTwhRpn34SLVafSH7G,Justin Bieber,Ghost,RBMG/Def Jam,9.0,10.0,202.0,546183.0,0.0,0.0,0.0,0.0,0.0,0.0,0.0,0.0,0.0,0.0,0.0,0.0,0.0,0.0,0.0,0.0,0.0,0.0,0.0,0.0,0.0,0.0,0.0,0.0,0.0,0.0,0.0,0.0,0.0,0.0,0.0,0.0,0.0,0.0,0.0,0.0,0.0,0.0,0.0,0.0,0.0,0.0,0.0,0.0,0.0,0.0,0.0,0.0,0.0,0.0,0.0,0.0,0.0,0.0,0.0,0.0,0.0,0.0,0.0,0.0,0.0,0.0,0.0,0.0,0.0,0.0,0.0,0.0,0.0,0.0,0.0,0.0,0.0,0.0,0.0,0.0,0.0,0.0,0.0,0.0,0.0,0.0,0.0,0.0,0.0,0.0,0.0,0.0,0.0,0.0,0.0,0.0,0.0,558167.0,548412.0,547745.0,546183.0,0.0,0.0,0.0,0.0,0.0,0.0,0.0,0.0,0.0,0.0,0.0,0.0,0.0,0.0,0.0,0.0,0.0,0.0,0.0,0.0,0.0,0.0
https://i.scdn.co/image/ab67616d000048516c6827c3fb94b95e5ff4a4aa,spotify:track:6ws54n2IzyrIxxyzlG2bVJ,Lil Baby,Right On,Quality Control Music/Motown Records,6.0,-1.0,1.0,740715.0,0.0,0.0,0.0,0.0,0.0,0.0,0.0,0.0,0.0,0.0,0.0,0.0,0.0,0.0,0.0,0.0,0.0,0.0,0.0,0.0,0.0,0.0,0.0,0.0,0.0,0.0,0.0,0.0,0.0,0.0,0.0,0.0,0.0,0.0,0.0,0.0,0.0,0.0,0.0,0.0,0.0,0.0,0.0,0.0,0.0,0.0,0.0,0.0,0.0,0.0,0.0,0.0,0.0,0.0,0.0,0.0,0.0,0.0,0.0,0.0,0.0,0.0,0.0,0.0,0.0,0.0,0.0,0.0,0.0,0.0,0.0,0.0,0.0,0.0,0.0,0.0,0.0,0.0,0.0,0.0,0.0,0.0,0.0,0.0,0.0,0.0,0.0,0.0,0.0,0.0,0.0,0.0,0.0,0.0,0.0,0.0,0.0,740715.0,0.0,0.0,0.0,0.0,0.0,0.0,0.0,0.0,0.0,0.0,0.0,0.0,0.0,0.0,0.0,0.0,0.0,0.0,0.0,0.0,0.0
https://i.scdn.co/image/ab67616d00004851e1ac646ed6f25125e2a77229,spotify:track:52xJxFP6TqMuO4Yt0eOkMz,"Carolina Gaitán - La Gaita, Mauro Castillo, Adassa, Rhenzy Feliz, Diane Guerrero, Stephanie Beatriz, Encanto - Cast",We Don't Talk About Bruno,Walt Disney Records,1.0,9.0,106.0,540504.0,761568.0,839257.0,958842.0,1037074.0,1119925.0,1190568.0,1260761.0,1258363.0,1182826.0,1233897.0,1245175.0,1271378.0,1269360.0,1332831.0,1298887.0,1164439.0,1217772.0,1232842.0,1301990.0,1396730.0,1458299.0,1449866.0,1330627.0,1344575.0,1371590.0,1398598.0,1420079.0,1464052.0,1426442.0,1313744.0,1319088.0,1416469.0,1422803.0,1390472.0,1435659.0,1486869.0,1338478.0,1276369.0,1286988.0,1303175.0,1287836.0,1332929.0,1367867.0,1197086.0,1049349.0,1085368.0,1106101.0,1103934.0,1165546.0,1194880.0,1057497.0,1069993.0,1000297.0,998966.0,976800.0,1005854.0,1053693.0,949598.0,890569.0,899942.0,901622.0,907133.0,940436.0,978426.0,857958.0,812986.0,779099.0,806845.0,818494.0,850909.0,843155.0,781376.0,727012.0,725410.0,726391.0,726946.0,758366.0,771533.0,698774.0,660743.0,657953.0,670254.0,685598.0,708043.0,717781.0,647558.0,665741.0,657358.0,658646.0,652653.0,673478.0,682122.0,606573.0,572075.0,572083.0,573554.0,573027.0,0.0,610387.0,540504.0,0.0,0.0,0.0,0.0,0.0,0.0,0.0,0.0,0.0,0.0,0.0,0.0,0.0,0.0,0.0,0.0,0.0,0.0,0.0
https://i.scdn.co/image/ab67616d0000485178f69f03ed1625da85cb462b,spotify:track:62Yo3FDddWY8ydu6PW2wyz,Jack Harlow,Nail Tech,Generation Now/Atlantic,2.0,8.0,56.0,585099.0,0.0,0.0,0.0,0.0,0.0,0.0,0.0,0.0,0.0,0.0,0.0,0.0,0.0,0.0,0.0,0.0,0.0,0.0,0.0,0.0,0.0,0.0,0.0,0.0,0.0,0.0,0.0,0.0,0.0,0.0,0.0,0.0,0.0,0.0,0.0,0.0,0.0,0.0,0.0,0.0,0.0,0.0,0.0,0.0,0.0,0.0,0.0,0.0,1135997.0,1057244.0,788743.0,831132.0,817439.0,772793.0,702043.0,727852.0,708362.0,599114.0,643669.0,665751.0,646990.0,647893.0,666919.0,630629.0,525732.0,0.0,0.0,0.0,0.0,0.0,0.0,0.0,0.0,0.0,0.0,0.0,0.0,0.0,0.0,0.0,0.0,0.0,0.0,0.0,0.0,0.0,0.0,0.0,0.0,0.0,0.0,0.0,0.0,0.0,0.0,0.0,0.0,799850.0,649492.0,0.0,554138.0,591056.0,575294.0,585099.0,0.0,0.0,0.0,0.0,0.0,0.0,0.0,0.0,0.0,0.0,0.0,0.0,0.0,0.0,0.0
https://i.scdn.co/image/ab67616d0000485123762bb504160f6288be6efd,spotify:track:2PljnVsnl2PRwCvfhbdQup,Megan Thee Stallion,Plan B,300 Entertainment,5.0,-1.0,1.0,722250.0,0.0,0.0,0.0,0.0,0.0,0.0,0.0,0.0,0.0,0.0,0.0,0.0,0.0,0.0,0.0,0.0,0.0,0.0,0.0,0.0,0.0,0.0,0.0,0.0,0.0,0.0,0.0,0.0,0.0,0.0,0.0,0.0,0.0,0.0,0.0,0.0,0.0,0.0,0.0,0.0,0.0,0.0,0.0,0.0,0.0,0.0,0.0,0.0,0.0,0.0,0.0,0.0,0.0,0.0,0.0,0.0,0.0,0.0,0.0,0.0,0.0,0.0,0.0,0.0,0.0,0.0,0.0,0.0,0.0,0.0,0.0,0.0,0.0,0.0,0.0,0.0,0.0,0.0,0.0,0.0,0.0,0.0,0.0,0.0,0.0,0.0,0.0,0.0,0.0,0.0,0.0,0.0,0.0,0.0,0.0,0.0,0.0,0.0,0.0,0.0,0.0,0.0,0.0,0.0,0.0,0.0,0.0,0.0,0.0,0.0,0.0,722250.0,0.0,0.0,0.0,0.0,0.0,0.0,0.0
https://i.scdn.co/image/ab67616d00004851e27dfef438562f2ecb98a642,spotify:track:1dp8aQANyTRKssDeAYPiZe,"Pusha T, Lil Uzi Vert, Don Toliver",Scrape It Off (feat. Lil Uzi Vert & Don Toliver),Getting Out Our Dreams Inc. (G.O.O.D.) Music / IDJ,6.0,-1.0,1.0,706777.0,0.0,0.0,0.0,0.0,0.0,0.0,0.0,0.0,0.0,0.0,0.0,0.0,0.0,0.0,0.0,0.0,0.0,0.0,0.0,0.0,0.0,0.0,0.0,0.0,0.0,0.0,0.0,0.0,0.0,0.0,0.0,0.0,0.0,0.0,0.0,0.0,0.0,0.0,0.0,0.0,0.0,0.0,0.0,0.0,0.0,0.0,0.0,0.0,0.0,0.0,0.0,0.0,0.0,0.0,0.0,0.0,0.0,0.0,0.0,0.0,0.0,0.0,0.0,0.0,0.0,0.0,0.0,0.0,0.0,0.0,0.0,0.0,0.0,0.0,0.0,0.0,0.0,0.0,0.0,0.0,0.0,0.0,0.0,0.0,0.0,0.0,0.0,0.0,0.0,0.0,0.0,0.0,0.0,0.0,0.0,0.0,0.0,0.0,0.0,0.0,0.0,0.0,0.0,0.0,0.0,0.0,0.0,0.0,0.0,0.0,0.0,706777.0,0.0,0.0,0.0,0.0,0.0,0.0,0.0
https://i.scdn.co/image/ab67616d000048514f410ee7ae9379cc30d07c50,spotify:track:6OrTKLtcF7EBayOV2QqkSK,"Southside, Future, Travis Scott",Hold That Heat (feat. Travis Scott),Epic,8.0,-1.0,1.0,668388.0,0.0,0.0,0.0,0.0,0.0,0.0,0.0,0.0,0.0,0.0,0.0,0.0,0.0,0.0,0.0,0.0,0.0,0.0,0.0,0.0,0.0,0.0,0.0,0.0,0.0,0.0,0.0,0.0,0.0,0.0,0.0,0.0,0.0,0.0,0.0,0.0,0.0,0.0,0.0,0.0,0.0,0.0,0.0,0.0,0.0,0.0,0.0,0.0,0.0,0.0,0.0,0.0,0.0,0.0,0.0,0.0,0.0,0.0,0.0,0.0,0.0,0.0,0.0,0.0,0.0,0.0,0.0,0.0,0.0,0.0,0.0,0.0,0.0,0.0,0.0,0.0,0.0,0.0,0.0,0.0,0.0,0.0,0.0,0.0,0.0,0.0,0.0,0.0,0.0,0.0,0.0,0.0,0.0,0.0,0.0,0.0,0.0,0.0,0.0,0.0,0.0,0.0,0.0,0.0,0.0,0.0,0.0,0.0,0.0,0.0,0.0,668388.0,0.0,0.0,0.0,0.0,0.0,0.0,0.0
https://i.scdn.co/image/ab67616d00004851f5530e99a8b86d18cd2fa2d9,spotify:track:1TUuhV75FeOF6UObRsABo2,Morgan Wallen,Don't Think Jesus,Big Loud Records / Republic Records,3.0,4.0,8.0,624687.0,0.0,0.0,0.0,0.0,0.0,0.0,0.0,0.0,0.0,0.0,0.0,0.0,0.0,0.0,0.0,0.0,0.0,0.0,0.0,0.0,0.0,0.0,0.0,0.0,0.0,0.0,0.0,0.0,0.0,0.0,0.0,0.0,0.0,0.0,0.0,0.0,0.0,0.0,0.0,0.0,0.0,0.0,0.0,0.0,0.0,0.0,0.0,0.0,0.0,0.0,0.0,0.0,0.0,0.0,0.0,0.0,0.0,0.0,0.0,0.0,0.0,0.0,0.0,0.0,0.0,0.0,0.0,0.0,0.0,0.0,0.0,0.0,0.0,0.0,0.0,0.0,0.0,0.0,0.0,0.0,0.0,0.0,0.0,0.0,0.0,0.0,0.0,0.0,0.0,0.0,0.0,0.0,0.0,0.0,0.0,0.0,0.0,0.0,0.0,0.0,0.0,0.0,0.0,0.0,1448125.0,1032171.0,788775.0,838440.0,741598.0,693232.0,647492.0,624687.0,0.0,0.0,0.0,0.0,0.0,0.0,0.0
https://i.scdn.co/image/ab67616d00004851565821887210741234f504e4,spotify:track:1Y5Jvi3eLi4Chwqch9GMem,Kodak Black,Super Gremlin,Atlantic Records,2.0,9.0,147.0,518088.0,0.0,0.0,0.0,0.0,0.0,0.0,0.0,0.0,0.0,0.0,0.0,0.0,0.0,0.0,0.0,0.0,0.0,0.0,0.0,0.0,0.0,0.0,0.0,0.0,0.0,0.0,0.0,0.0,0.0,0.0,0.0,0.0,0.0,0.0,0.0,0.0,0.0,0.0,0.0,0.0,0.0,0.0,0.0,0.0,0.0,0.0,0.0,0.0,0.0,0.0,0.0,0.0,0.0,0.0,0.0,873326.0,883577.0,771218.0,800250.0,836500.0,824156.0,834945.0,886985.0,880579.0,764818.0,772817.0,755294.0,784400.0,796488.0,798243.0,763106.0,698833.0,714381.0,746702.0,733927.0,733622.0,755958.0,739179.0,663356.0,686690.0,702927.0,684176.0,691144.0,693837.0,671478.0,588680.0,611352.0,640818.0,652207.0,650445.0,639478.0,616876.0,537031.0,553408.0,555926.0,561274.0,558828.0,611213.0,606331.0,533590.0,552322.0,569128.0,562286.0,577289.0,611668.0,574290.0,489059.0,533529.0,557854.0,561810.0,567263.0,0.0,591805.0,518088.0,0.0,0.0,0.0,0.0,0.0
https://i.scdn.co/image/ab67616d000048519e495fb707973f3390850eea,spotify:track:02MWAaffLxlfxAUY7c5dvx,Glass Animals,Heat Waves,Polydor Records,1.0,3.0,521.0,872571.0,969368.0,778725.0,852090.0,872854.0,878346.0,882816.0,0.0,0.0,850202.0,911366.0,909041.0,920346.0,924877.0,962910.0,922768.0,813718.0,845350.0,893702.0,894598.0,884790.0,950426.0,948007.0,852154.0,879932.0,906272.0,906080.0,912476.0,959407.0,942361.0,862713.0,895813.0,944215.0,930832.0,904701.0,961455.0,1001362.0,916671.0,932152.0,957783.0,984339.0,981256.0,1082994.0,1025453.0,895925.0,846056.0,913061.0,924855.0,936433.0,1004622.0,1015852.0,900681.0,946683.0,919289.0,924986.0,888593.0,947776.0,962277.0,880261.0,900254.0,918442.0,923523.0,935343.0,1002717.0,1008989.0,903619.0,909946.0,875909.0,914855.0,948855.0,1006426.0,958863.0,895837.0,917400.0,935420.0,934726.0,933378.0,996970.0,970494.0,889597.0,901567.0,904536.0,898753.0,909230.0,956761.0,949607.0,851786.0,856540.0,873257.0,897182.0,895127.0,938121.0,932076.0,835068.0,866748.0,882861.0,892437.0,880949.0,933916.0,934671.0,847370.0,864436.0,883499.0,883021.0,898958.0,972164.0,904152.0,783231.0,847240.0,850028.0,857665.0,867193.0,934631.0,953519.0,852778.0,848694.0,881133.0,883505.0,872571.0,0.0
https://i.scdn.co/image/ab67616d00004851be82673b5f79d9658ec0a9fd,spotify:track:5Z9KJZvQzH6PFmb8SNkxuk,"Lil Nas X, Jack Harlow",INDUSTRY BABY (feat. Jack Harlow),Columbia,1.0,5.0,280.0,632073.0,900912.0,784930.0,838665.0,842306.0,837453.0,842591.0,0.0,0.0,780863.0,0.0,801850.0,806734.0,809764.0,876131.0,868051.0,755191.0,771401.0,771958.0,782842.0,769224.0,800978.0,822042.0,727740.0,721738.0,753638.0,753947.0,765128.0,852785.0,874965.0,789241.0,767283.0,793534.0,782308.0,763904.0,781778.0,818301.0,741204.0,723000.0,751575.0,759334.0,756726.0,822568.0,809619.0,709483.0,0.0,688440.0,702549.0,699804.0,752940.0,758151.0,673609.0,687925.0,659235.0,664458.0,645515.0,689443.0,723589.0,652063.0,640652.0,664057.0,667172.0,665482.0,691856.0,699514.0,617126.0,603437.0,580763.0,612214.0,637803.0,673859.0,653244.0,603691.0,601474.0,623767.0,627307.0,625733.0,661346.0,653379.0,593877.0,587523.0,590895.0,589481.0,587648.0,631467.0,639443.0,571391.0,559149.0,579844.0,594098.0,589693.0,625613.0,632861.0,563557.0,626493.0,647512.0,650758.0,647558.0,800783.0,741573.0,645817.0,639713.0,656308.0,643833.0,661975.0,703772.0,669183.0,574287.0,617632.0,632200.0,635981.0,639815.0,677034.0,686244.0,609988.0,595989.0,623412.0,631333.0,632073.0,0.0
https://i.scdn.co/image/ab67616d0000485186322307ddfb6e9c87b82d39,spotify:track:1r8ZCjfrQxoy2wVaBUbpwg,The Kid LAROI,Thousand Miles,Columbia,3.0,4.0,7.0,615819.0,0.0,0.0,0.0,0.0,0.0,0.0,0.0,0.0,0.0,0.0,0.0,0.0,0.0,0.0,0.0,0.0,0.0,0.0,0.0,0.0,0.0,0.0,0.0,0.0,0.0,0.0,0.0,0.0,0.0,0.0,0.0,0.0,0.0,0.0,0.0,0.0,0.0,0.0,0.0,0.0,0.0,0.0,0.0,0.0,0.0,0.0,0.0,0.0,0.0,0.0,0.0,0.0,0.0,0.0,0.0,0.0,0.0,0.0,0.0,0.0,0.0,0.0,0.0,0.0,0.0,0.0,0.0,0.0,0.0,0.0,0.0,0.0,0.0,0.0,0.0,0.0,0.0,0.0,0.0,0.0,0.0,0.0,0.0,0.0,0.0,0.0,0.0,0.0,0.0,0.0,0.0,0.0,0.0,0.0,0.0,0.0,0.0,0.0,0.0,0.0,0.0,0.0,0.0,0.0,0.0,0.0,0.0,0.0,0.0,0.0,0.0,950356.0,767228.0,634283.0,691166.0,680510.0,645253.0,615819.0,0.0
https://i.scdn.co/image/ab67616d000048518e6551a2944764bc8e33a960,spotify:track:5PjdY0CKGZdEuoNab3yDmX,"The Kid LAROI, Justin Bieber",STAY (with Justin Bieber),Columbia,1.0,6.0,294.0,606108.0,932576.0,747246.0,803571.0,803322.0,795564.0,797874.0,0.0,0.0,0.0,0.0,773355.0,782952.0,784611.0,828128.0,806497.0,700636.0,726350.0,740389.0,752679.0,753362.0,791453.0,805873.0,710401.0,713342.0,740819.0,739434.0,750080.0,803339.0,801174.0,722815.0,721106.0,747617.0,734652.0,717057.0,763337.0,808219.0,731952.0,721670.0,745373.0,756694.0,759222.0,863467.0,835891.0,718852.0,650839.0,707146.0,719505.0,724479.0,766244.0,775481.0,689872.0,711111.0,683406.0,685451.0,668288.0,708252.0,734759.0,662780.0,660513.0,687196.0,692102.0,724565.0,741596.0,749362.0,657018.0,651403.0,632057.0,664849.0,692530.0,736765.0,710644.0,654659.0,665257.0,681902.0,679258.0,680135.0,713069.0,699824.0,636015.0,632027.0,635194.0,648601.0,653109.0,692238.0,697668.0,617317.0,612096.0,625697.0,644793.0,644231.0,682529.0,685414.0,601341.0,611475.0,620763.0,622944.0,618081.0,661014.0,667807.0,592779.0,598203.0,613633.0,610342.0,630909.0,674604.0,632413.0,545856.0,587357.0,594928.0,601140.0,612355.0,657207.0,662417.0,593218.0,582996.0,596372.0,606462.0,606108.0,0.0
https://i.scdn.co/image/ab67616d00004851c6e0948bbb0681ff29cdbae8,spotify:track:68Dni7IE4VyPkTOH9mRWHr,J. Cole,No Role Modelz,Roc Nation Records LLC,7.0,7.0,1597.0,594037.0,0.0,0.0,0.0,0.0,0.0,0.0,0.0,0.0,0.0,0.0,0.0,0.0,0.0,0.0,0.0,0.0,0.0,0.0,0.0,0.0,0.0,0.0,0.0,0.0,0.0,0.0,0.0,0.0,0.0,0.0,0.0,0.0,0.0,0.0,0.0,0.0,0.0,0.0,0.0,0.0,0.0,0.0,0.0,0.0,0.0,0.0,0.0,0.0,0.0,0.0,0.0,0.0,0.0,0.0,0.0,0.0,0.0,0.0,0.0,0.0,0.0,0.0,0.0,0.0,0.0,0.0,0.0,0.0,0.0,0.0,0.0,0.0,0.0,0.0,0.0,0.0,0.0,0.0,0.0,0.0,0.0,0.0,0.0,0.0,0.0,0.0,0.0,0.0,0.0,0.0,0.0,0.0,0.0,0.0,0.0,0.0,0.0,0.0,0.0,0.0,0.0,0.0,0.0,0.0,0.0,0.0,0.0,0.0,0.0,0.0,0.0,0.0,0.0,0.0,539960.0,556912.0,586555.0,594037.0,0.0
https://i.scdn.co/image/ab67616d00004851a91c10fe9472d9bd89802e5a,spotify:track:4ZtFanR9U6ndgddUvNcjcG,Olivia Rodrigo,good 4 u,Olivia Rodrigo PS,1.0,9.0,350.0,572770.0,706144.0,542490.0,0.0,0.0,0.0,0.0,0.0,0.0,0.0,0.0,0.0,0.0,0.0,0.0,0.0,0.0,0.0,0.0,0.0,0.0,0.0,0.0,0.0,0.0,0.0,0.0,0.0,0.0,0.0,0.0,0.0,0.0,0.0,0.0,0.0,0.0,0.0,0.0,0.0,0.0,0.0,0.0,0.0,0.0,0.0,0.0,0.0,0.0,0.0,0.0,0.0,0.0,0.0,0.0,0.0,0.0,0.0,0.0,0.0,0.0,0.0,0.0,0.0,0.0,0.0,0.0,0.0,0.0,0.0,0.0,0.0,0.0,0.0,0.0,0.0,0.0,0.0,0.0,0.0,0.0,0.0,0.0,0.0,0.0,564547.0,522979.0,526902.0,537018.0,542277.0,547056.0,0.0,602798.0,541265.0,655295.0,646613.0,657994.0,647512.0,660645.0,639114.0,574340.0,583130.0,599297.0,593303.0,607046.0,634655.0,576005.0,500569.0,554691.0,559124.0,565290.0,569248.0,0.0,589211.0,532785.0,535835.0,551768.0,569952.0,572770.0,0.0
https://i.scdn.co/image/ab67616d000048514df3245f26298a1579ecc321,spotify:track:6Uj1ctrBOjOas8xZXGqKk4,Doja Cat,Woman,Kemosabe Records/RCA Records,7.0,8.0,308.0,571493.0,0.0,0.0,0.0,0.0,0.0,0.0,0.0,0.0,0.0,0.0,0.0,0.0,0.0,0.0,0.0,0.0,0.0,0.0,0.0,0.0,0.0,0.0,0.0,0.0,0.0,0.0,0.0,0.0,0.0,0.0,0.0,0.0,0.0,0.0,0.0,0.0,0.0,0.0,0.0,0.0,0.0,0.0,0.0,0.0,0.0,0.0,0.0,0.0,0.0,0.0,0.0,0.0,0.0,0.0,0.0,0.0,0.0,0.0,0.0,0.0,0.0,0.0,0.0,0.0,0.0,0.0,0.0,0.0,0.0,0.0,0.0,0.0,0.0,0.0,0.0,0.0,0.0,0.0,0.0,0.0,0.0,0.0,524937.0,0.0,567880.0,509923.0,0.0,0.0,540680.0,0.0,0.0,0.0,502214.0,0.0,552291.0,554540.0,545406.0,0.0,0.0,533024.0,541921.0,550013.0,547510.0,558197.0,591861.0,554609.0,488207.0,533910.0,558371.0,557422.0,558013.0,0.0,609180.0,550910.0,556851.0,579753.0,576426.0,571493.0,0.0
https://i.scdn.co/image/ab67616d00004851d9b35d1c4d15c9de88b754a7,spotify:track:1HhNoOuqm1a5MXYEgAFl8o,"Imagine Dragons, JID, Arcane, League of Legends",Enemy (with JID) - from the series Arcane League of Legends,KIDinaKORNER/Interscope Records,5.0,10.0,179.0,563975.0,0.0,0.0,0.0,0.0,0.0,0.0,0.0,0.0,0.0,0.0,0.0,0.0,0.0,0.0,0.0,0.0,0.0,0.0,0.0,0.0,0.0,0.0,0.0,0.0,0.0,0.0,0.0,0.0,0.0,0.0,0.0,0.0,0.0,0.0,0.0,0.0,0.0,0.0,0.0,0.0,0.0,0.0,0.0,581400.0,0.0,0.0,0.0,0.0,637283.0,632086.0,578584.0,613762.0,612775.0,607394.0,586466.0,616925.0,626021.0,588003.0,600106.0,611794.0,615860.0,622278.0,639427.0,638750.0,576352.0,578903.0,551906.0,577911.0,590036.0,649812.0,635639.0,591609.0,604545.0,608479.0,599948.0,598272.0,644803.0,627293.0,574204.0,584312.0,589404.0,588631.0,597952.0,626525.0,624601.0,564701.0,568962.0,579934.0,595503.0,591501.0,633669.0,629613.0,559330.0,571977.0,577683.0,581448.0,574428.0,606814.0,617025.0,558021.0,568445.0,580259.0,579000.0,588937.0,631289.0,591196.0,521423.0,560235.0,559172.0,561135.0,566167.0,0.0,597039.0,542496.0,546763.0,566341.0,564819.0,563975.0,0.0
https://i.scdn.co/image/ab67616d00004851b46f74097655d7f353caab14,spotify:track:4LRPiXqCikLlN15c3yImP7,Harry Styles,As It Was,Columbia,1.0,1.0,30.0,2035288.0,0.0,0.0,0.0,0.0,0.0,0.0,0.0,0.0,0.0,0.0,0.0,0.0,0.0,0.0,0.0,0.0,0.0,0.0,0.0,0.0,0.0,0.0,0.0,0.0,0.0,0.0,0.0,0.0,0.0,0.0,0.0,0.0,0.0,0.0,0.0,0.0,0.0,0.0,0.0,0.0,0.0,0.0,0.0,0.0,0.0,0.0,0.0,0.0,0.0,0.0,0.0,0.0,0.0,0.0,0.0,0.0,0.0,0.0,0.0,0.0,0.0,0.0,0.0,0.0,0.0,0.0,0.0,0.0,0.0,0.0,0.0,0.0,0.0,0.0,0.0,0.0,0.0,0.0,0.0,0.0,0.0,0.0,0.0,0.0,0.0,0.0,0.0,0.0,0.0,716438.0,5953134.0,3508650.0,2974498.0,3334761.0,3122711.0,2956184.0,2836429.0,2805123.0,2420981.0,2201093.0,2534965.0,2467932.0,2337505.0,2292681.0,2303391.0,2171825.0,1972301.0,2197807.0,2203826.0,2143024.0,2113316.0,2168254.0,2017067.0,1820203.0,2011073.0,2025070.0,2020528.0,1980785.0,2035288.0
https://i.scdn.co/image/ab67616d0000485186badd635b69aea887862214,spotify:track:59nOXPmaKlBfGMDeOVGrIK,"Future, Tems, Drake",WAIT FOR U (feat. Drake & Tems),Epic/Freebandz,2.0,-1.0,1.0,1885004.0,0.0,0.0,0.0,0.0,0.0,0.0,0.0,0.0,0.0,0.0,0.0,0.0,0.0,0.0,0.0,0.0,0.0,0.0,0.0,0.0,0.0,0.0,0.0,0.0,0.0,0.0,0.0,0.0,0.0,0.0,0.0,0.0,0.0,0.0,0.0,0.0,0.0,0.0,0.0,0.0,0.0,0.0,0.0,0.0,0.0,0.0,0.0,0.0,0.0,0.0,0.0,0.0,0.0,0.0,0.0,0.0,0.0,0.0,0.0,0.0,0.0,0.0,0.0,0.0,0.0,0.0,0.0,0.0,0.0,0.0,0.0,0.0,0.0,0.0,0.0,0.0,0.0,0.0,0.0,0.0,0.0,0.0,0.0,0.0,0.0,0.0,0.0,0.0,0.0,0.0,0.0,0.0,0.0,0.0,0.0,0.0,0.0,0.0,0.0,0.0,0.0,0.0,0.0,0.0,0.0,0.0,0.0,0.0,0.0,0.0,0.0,0.0,0.0,0.0,0.0,0.0,0.0,0.0,1885004.0
https://i.scdn.co/image/ab67616d0000485121e34052888986183afcebfa,spotify:track:1rDQ4oMwGJI7B4tovsBOxc,Jack Harlow,First Class,Generation Now/Atlantic,1.0,2.0,22.0,1797934.0,0.0,0.0,0.0,0.0,0.0,0.0,0.0,0.0,0.0,0.0,0.0,0.0,0.0,0.0,0.0,0.0,0.0,0.0,0.0,0.0,0.0,0.0,0.0,0.0,0.0,0.0,0.0,0.0,0.0,0.0,0.0,0.0,0.0,0.0,0.0,0.0,0.0,0.0,0.0,0.0,0.0,0.0,0.0,0.0,0.0,0.0,0.0,0.0,0.0,0.0,0.0,0.0,0.0,0.0,0.0,0.0,0.0,0.0,0.0,0.0,0.0,0.0,0.0,0.0,0.0,0.0,0.0,0.0,0.0,0.0,0.0,0.0,0.0,0.0,0.0,0.0,0.0,0.0,0.0,0.0,0.0,0.0,0.0,0.0,0.0,0.0,0.0,0.0,0.0,0.0,0.0,0.0,0.0,0.0,0.0,0.0,0.0,5962326.0,4096221.0,3071092.0,3150371.0,2905539.0,2627478.0,2609324.0,2625887.0,2291810.0,1862764.0,2033159.0,2090983.0,2041252.0,1994576.0,2058504.0,1951101.0,1663783.0,1737049.0,1798445.0,1761344.0,1731156.0,1797934.0
https://i.scdn.co/image/ab67616d0000485186badd635b69aea887862214,spotify:track:3FSwpQ9dBZBeBV6UdYHI2R,Future,712PM,Epic/Freebandz,4.0,-1.0,1.0,1618757.0,0.0,0.0,0.0,0.0,0.0,0.0,0.0,0.0,0.0,0.0,0.0,0.0,0.0,0.0,0.0,0.0,0.0,0.0,0.0,0.0,0.0,0.0,0.0,0.0,0.0,0.0,0.0,0.0,0.0,0.0,0.0,0.0,0.0,0.0,0.0,0.0,0.0,0.0,0.0,0.0,0.0,0.0,0.0,0.0,0.0,0.0,0.0,0.0,0.0,0.0,0.0,0.0,0.0,0.0,0.0,0.0,0.0,0.0,0.0,0.0,0.0,0.0,0.0,0.0,0.0,0.0,0.0,0.0,0.0,0.0,0.0,0.0,0.0,0.0,0.0,0.0,0.0,0.0,0.0,0.0,0.0,0.0,0.0,0.0,0.0,0.0,0.0,0.0,0.0,0.0,0.0,0.0,0.0,0.0,0.0,0.0,0.0,0.0,0.0,0.0,0.0,0.0,0.0,0.0,0.0,0.0,0.0,0.0,0.0,0.0,0.0,0.0,0.0,0.0,0.0,0.0,0.0,0.0,1618757.0
https://i.scdn.co/image/ab67616d0000485186badd635b69aea887862214,spotify:track:0AAVJIN4plafvmNKqRCltG,Future,I'M DAT N****,Epic/Freebandz,5.0,-1.0,1.0,1468597.0,0.0,0.0,0.0,0.0,0.0,0.0,0.0,0.0,0.0,0.0,0.0,0.0,0.0,0.0,0.0,0.0,0.0,0.0,0.0,0.0,0.0,0.0,0.0,0.0,0.0,0.0,0.0,0.0,0.0,0.0,0.0,0.0,0.0,0.0,0.0,0.0,0.0,0.0,0.0,0.0,0.0,0.0,0.0,0.0,0.0,0.0,0.0,0.0,0.0,0.0,0.0,0.0,0.0,0.0,0.0,0.0,0.0,0.0,0.0,0.0,0.0,0.0,0.0,0.0,0.0,0.0,0.0,0.0,0.0,0.0,0.0,0.0,0.0,0.0,0.0,0.0,0.0,0.0,0.0,0.0,0.0,0.0,0.0,0.0,0.0,0.0,0.0,0.0,0.0,0.0,0.0,0.0,0.0,0.0,0.0,0.0,0.0,0.0,0.0,0.0,0.0,0.0,0.0,0.0,0.0,0.0,0.0,0.0,0.0,0.0,0.0,0.0,0.0,0.0,0.0,0.0,0.0,0.0,1468597.0
https://i.scdn.co/image/ab67616d0000485186badd635b69aea887862214,spotify:track:7rWCWzPRftzZTZtIyQtaDU,"Future, Kanye West",KEEP IT BURNIN (feat. Kanye West),Epic/Freebandz,6.0,-1.0,1.0,1445587.0,0.0,0.0,0.0,0.0,0.0,0.0,0.0,0.0,0.0,0.0,0.0,0.0,0.0,0.0,0.0,0.0,0.0,0.0,0.0,0.0,0.0,0.0,0.0,0.0,0.0,0.0,0.0,0.0,0.0,0.0,0.0,0.0,0.0,0.0,0.0,0.0,0.0,0.0,0.0,0.0,0.0,0.0,0.0,0.0,0.0,0.0,0.0,0.0,0.0,0.0,0.0,0.0,0.0,0.0,0.0,0.0,0.0,0.0,0.0,0.0,0.0,0.0,0.0,0.0,0.0,0.0,0.0,0.0,0.0,0.0,0.0,0.0,0.0,0.0,0.0,0.0,0.0,0.0,0.0,0.0,0.0,0.0,0.0,0.0,0.0,0.0,0.0,0.0,0.0,0.0,0.0,0.0,0.0,0.0,0.0,0.0,0.0,0.0,0.0,0.0,0.0,0.0,0.0,0.0,0.0,0.0,0.0,0.0,0.0,0.0,0.0,0.0,0.0,0.0,0.0,0.0,0.0,0.0,1445587.0
https://i.scdn.co/image/ab67616d0000485186badd635b69aea887862214,spotify:track:1qMMYpVatbRITKCfq1gasi,Future,PUFFIN ON ZOOTIEZ,Epic/Freebandz,7.0,-1.0,1.0,1417345.0,0.0,0.0,0.0,0.0,0.0,0.0,0.0,0.0,0.0,0.0,0.0,0.0,0.0,0.0,0.0,0.0,0.0,0.0,0.0,0.0,0.0,0.0,0.0,0.0,0.0,0.0,0.0,0.0,0.0,0.0,0.0,0.0,0.0,0.0,0.0,0.0,0.0,0.0,0.0,0.0,0.0,0.0,0.0,0.0,0.0,0.0,0.0,0.0,0.0,0.0,0.0,0.0,0.0,0.0,0.0,0.0,0.0,0.0,0.0,0.0,0.0,0.0,0.0,0.0,0.0,0.0,0.0,0.0,0.0,0.0,0.0,0.0,0.0,0.0,0.0,0.0,0.0,0.0,0.0,0.0,0.0,0.0,0.0,0.0,0.0,0.0,0.0,0.0,0.0,0.0,0.0,0.0,0.0,0.0,0.0,0.0,0.0,0.0,0.0,0.0,0.0,0.0,0.0,0.0,0.0,0.0,0.0,0.0,0.0,0.0,0.0,0.0,0.0,0.0,0.0,0.0,0.0,0.0,1417345.0
https://i.scdn.co/image/ab67616d0000485186badd635b69aea887862214,spotify:track:6wyhUr4Xw8z5uSy0AhoZfU,"Future, Drake",I'M ON ONE (feat. Drake),Epic/Freebandz,8.0,-1.0,1.0,1392185.0,0.0,0.0,0.0,0.0,0.0,0.0,0.0,0.0,0.0,0.0,0.0,0.0,0.0,0.0,0.0,0.0,0.0,0.0,0.0,0.0,0.0,0.0,0.0,0.0,0.0,0.0,0.0,0.0,0.0,0.0,0.0,0.0,0.0,0.0,0.0,0.0,0.0,0.0,0.0,0.0,0.0,0.0,0.0,0.0,0.0,0.0,0.0,0.0,0.0,0.0,0.0,0.0,0.0,0.0,0.0,0.0,0.0,0.0,0.0,0.0,0.0,0.0,0.0,0.0,0.0,0.0,0.0,0.0,0.0,0.0,0.0,0.0,0.0,0.0,0.0,0.0,0.0,0.0,0.0,0.0,0.0,0.0,0.0,0.0,0.0,0.0,0.0,0.0,0.0,0.0,0.0,0.0,0.0,0.0,0.0,0.0,0.0,0.0,0.0,0.0,0.0,0.0,0.0,0.0,0.0,0.0,0.0,0.0,0.0,0.0,0.0,0.0,0.0,0.0,0.0,0.0,0.0,0.0,1392185.0
https://i.scdn.co/image/ab67616d0000485186badd635b69aea887862214,spotify:track:7HCX1Ch3mklJyEdpwPZBFW,"Future, Gunna, Young Thug",FOR A NUT (feat. Gunna & Young Thug),Epic/Freebandz,9.0,-1.0,1.0,1275480.0,0.0,0.0,0.0,0.0,0.0,0.0,0.0,0.0,0.0,0.0,0.0,0.0,0.0,0.0,0.0,0.0,0.0,0.0,0.0,0.0,0.0,0.0,0.0,0.0,0.0,0.0,0.0,0.0,0.0,0.0,0.0,0.0,0.0,0.0,0.0,0.0,0.0,0.0,0.0,0.0,0.0,0.0,0.0,0.0,0.0,0.0,0.0,0.0,0.0,0.0,0.0,0.0,0.0,0.0,0.0,0.0,0.0,0.0,0.0,0.0,0.0,0.0,0.0,0.0,0.0,0.0,0.0,0.0,0.0,0.0,0.0,0.0,0.0,0.0,0.0,0.0,0.0,0.0,0.0,0.0,0.0,0.0,0.0,0.0,0.0,0.0,0.0,0.0,0.0,0.0,0.0,0.0,0.0,0.0,0.0,0.0,0.0,0.0,0.0,0.0,0.0,0.0,0.0,0.0,0.0,0.0,0.0,0.0,0.0,0.0,0.0,0.0,0.0,0.0,0.0,0.0,0.0,0.0,1275480.0
https://i.scdn.co/image/ab67616d0000485186badd635b69aea887862214,spotify:track:1Ijpng3ZLhTRcEd8iqh4p4,Future,GOLD STACKS,Epic/Freebandz,10.0,-1.0,1.0,1029158.0,0.0,0.0,0.0,0.0,0.0,0.0,0.0,0.0,0.0,0.0,0.0,0.0,0.0,0.0,0.0,0.0,0.0,0.0,0.0,0.0,0.0,0.0,0.0,0.0,0.0,0.0,0.0,0.0,0.0,0.0,0.0,0.0,0.0,0.0,0.0,0.0,0.0,0.0,0.0,0.0,0.0,0.0,0.0,0.0,0.0,0.0,0.0,0.0,0.0,0.0,0.0,0.0,0.0,0.0,0.0,0.0,0.0,0.0,0.0,0.0,0.0,0.0,0.0,0.0,0.0,0.0,0.0,0.0,0.0,0.0,0.0,0.0,0.0,0.0,0.0,0.0,0.0,0.0,0.0,0.0,0.0,0.0,0.0,0.0,0.0,0.0,0.0,0.0,0.0,0.0,0.0,0.0,0.0,0.0,0.0,0.0,0.0,0.0,0.0,0.0,0.0,0.0,0.0,0.0,0.0,0.0,0.0,0.0,0.0,0.0,0.0,0.0,0.0,0.0,0.0,0.0,0.0,0.0,1029158.0
